Date,Year,Month,Day,Euro95_EUR,Diesel_EUR,LPG_EUR,Exchangerate,Euro95_BRL,Diesel_BRL,LPG_BRL
1/1/2016,2016,1,1,1.438,1.067,0.601,4.4023,6.3305074,4.6972541,2.6457823
1/2/2016,2016,1,2,1.436,1.067,0.584,4.4023,6.3217028,4.6972541,2.5709432
1/3/2016,2016,1,3,1.438,1.067,0.591,4.4023,6.3305074,4.6972541,2.6017593
1/4/2016,2016,1,4,1.44,1.07,0.591,4.4023,6.339312,4.710461,2.6017593
1/5/2016,2016,1,5,1.444,1.073,0.588,4.3023,6.2125212,4.6163679,2.5297524
1/6/2016,2016,1,6,1.449,1.072,0.593,4.3331,6.2786619,4.6450832,2.5695283
1/7/2016,2016,1,7,1.448,1.072,0.59,4.4001,6.3713448,4.7169072,2.596059
1/8/2016,2016,1,8,1.447,1.071,0.592,4.3685,6.3212195,4.6786635,2.586152
1/9/2016,2016,1,9,1.444,1.067,0.593,4.3786,6.3226984,4.6719662,2.5965098
1/10/2016,2016,1,10,1.445,1.067,0.585,4.3786,6.327077,4.6719662,2.561481
1/11/2016,2016,1,11,1.446,1.07,0.59,4.3786,6.3314556,4.685102,2.583374
1/12/2016,2016,1,12,1.44,1.064,0.597,4.3704,6.293376,4.6501056,2.6091288
1/13/2016,2016,1,13,1.436,1.059,0.595,4.3214,6.2055304,4.5763626,2.571233
1/14/2016,2016,1,14,1.433,1.056,0.588,4.373,6.266509,4.617888,2.571324
1/15/2016,2016,1,15,1.434,1.056,0.592,4.4139,6.3295326,4.6610784,2.6130288
1/16/2016,2016,1,16,1.427,1.046,0.583,4.3929,6.2686683,4.5949734,2.5610607
1/17/2016,2016,1,17,1.427,1.046,0.582,4.3929,6.2686683,4.5949734,2.5566678
1/18/2016,2016,1,18,1.428,1.048,0.596,4.3929,6.2730612,4.6037592,2.6181684
1/19/2016,2016,1,19,1.422,1.041,0.594,4.3758,6.2223876,4.5552078,2.5992252
1/20/2016,2016,1,20,1.419,1.036,0.586,4.4559,6.3229221,4.6163124,2.6111574
1/21/2016,2016,1,21,1.414,1.029,0.579,4.523,6.395522,4.654167,2.618817
1/22/2016,2016,1,22,1.414,1.024,0.579,4.455,6.29937,4.56192,2.579445
1/23/2016,2016,1,23,1.414,1.022,0.576,4.4276,6.2606264,4.5250072,2.5502976
1/24/2016,2016,1,24,1.415,1.023,0.577,4.4276,6.265054,4.5294348,2.5547252
1/25/2016,2016,1,25,1.417,1.026,0.572,4.4276,6.2739092,4.5427176,2.5325872
1/26/2016,2016,1,26,1.42,1.025,0.576,4.4465,6.31403,4.5576625,2.561184
1/27/2016,2016,1,27,1.419,1.023,0.582,4.3963,6.2383497,4.4974149,2.5586466
1/28/2016,2016,1,28,1.418,1.023,0.573,4.4753,6.3459754,4.5782319,2.5643469
1/29/2016,2016,1,29,1.421,1.03,0.575,4.4294,6.2941774,4.562282,2.546905
1/30/2016,2016,1,30,1.422,1.031,0.572,4.3511,6.1872642,4.4859841,2.4888292
1/31/2016,2016,1,31,1.423,1.031,0.574,4.3511,6.1916153,4.4859841,2.4975314
2/1/2016,2016,2,1,1.425,1.034,0.57,4.3511,6.2003175,4.4990374,2.480127
2/2/2016,2016,2,2,1.429,1.037,0.569,4.3565,6.2254385,4.5176905,2.4788485
2/3/2016,2016,2,3,1.428,1.037,0.577,4.328,6.180384,4.488136,2.497256
2/4/2016,2016,2,4,1.424,1.036,0.569,4.3486,6.1924064,4.5051496,2.4743534
2/5/2016,2016,2,5,1.425,1.044,0.574,4.3454,6.192195,4.5365976,2.4942596
2/6/2016,2016,2,6,1.418,1.043,0.564,4.3245,6.132141,4.5104535,2.439018
2/7/2016,2016,2,7,1.42,1.043,0.556,4.3245,6.14079,4.5104535,2.404422
2/8/2016,2016,2,8,1.42,1.046,0.56,4.3245,6.14079,4.523427,2.42172
2/9/2016,2016,2,9,1.416,1.046,0.569,4.3741,6.1937256,4.5753086,2.4888629
2/10/2016,2016,2,10,1.409,1.044,0.564,4.3758,6.1655022,4.5683352,2.4679512
2/11/2016,2016,2,11,1.398,1.041,0.565,4.4836,6.2680728,4.6674276,2.533234
2/12/2016,2016,2,12,1.393,1.038,0.566,4.5087,6.2806191,4.6800306,2.5519242
2/13/2016,2016,2,13,1.388,1.033,0.563,4.4567,6.1858996,4.6037711,2.5091221
2/14/2016,2016,2,14,1.388,1.034,0.561,4.4567,6.1858996,4.6082278,2.5002087
2/15/2016,2016,2,15,1.389,1.036,0.558,4.4567,6.1903563,4.6171412,2.4868386
2/16/2016,2016,2,16,1.388,1.036,0.563,4.4833,6.2228204,4.6446988,2.5240979
2/17/2016,2016,2,17,1.388,1.034,0.559,4.4866,6.2274008,4.6391444,2.5080094
2/18/2016,2016,2,18,1.38,1.034,0.564,4.4527,6.144726,4.6040918,2.5113228
2/19/2016,2016,2,19,1.38,1.043,0.561,4.4854,6.189852,4.6782722,2.5163094
2/20/2016,2016,2,20,1.377,1.042,0.56,4.3755,6.0250635,4.559271,2.45028
2/21/2016,2016,2,21,1.379,1.042,0.547,4.3755,6.0338145,4.559271,2.3933985
2/22/2016,2016,2,22,1.38,1.045,0.564,4.3755,6.03819,4.5723975,2.467782
2/23/2016,2016,2,23,1.374,1.045,0.557,4.357,5.986518,4.553065,2.426849
2/24/2016,2016,2,24,1.371,1.044,0.558,4.3793,6.0040203,4.5719892,2.4436494
2/25/2016,2016,2,25,1.368,1.042,0.56,4.3527,5.9544936,4.5355134,2.437512
2/26/2016,2016,2,26,1.369,1.045,0.562,4.3356,5.9354364,4.530702,2.4366072
2/27/2016,2016,2,27,1.375,1.05,0.563,4.3394,5.966675,4.55637,2.4430822
2/28/2016,2016,2,28,1.377,1.05,0.555,4.3394,5.9753538,4.55637,2.408367
2/29/2016,2016,2,29,1.379,1.053,0.554,4.3394,5.9840326,4.5693882,2.4040276
3/1/2016,2016,3,1,1.385,1.055,0.557,4.3519,6.0273815,4.5912545,2.4240083
3/2/2016,2016,3,2,1.384,1.06,0.555,4.2523,5.8851832,4.507438,2.3600265
3/3/2016,2016,3,3,1.382,1.062,0.557,4.1949,5.7973518,4.4549838,2.3365593
3/4/2016,2016,3,4,1.385,1.064,0.552,4.0834,5.655509,4.3447376,2.2540368
3/5/2016,2016,3,5,1.383,1.063,0.558,4.1228,5.7018324,4.3825364,2.3005224
3/6/2016,2016,3,6,1.385,1.062,0.56,4.1228,5.710078,4.3784136,2.308768
3/7/2016,2016,3,7,1.385,1.065,0.558,4.1228,5.710078,4.390782,2.3005224
3/8/2016,2016,3,8,1.391,1.072,0.558,4.169,5.799079,4.469168,2.326302
3/9/2016,2016,3,9,1.4,1.08,0.565,4.074,5.7036,4.39992,2.30181
3/10/2016,2016,3,10,1.404,1.089,0.56,3.972,5.576688,4.325508,2.22432
3/11/2016,2016,3,11,1.413,1.093,0.56,4.0401,5.7086613,4.4158293,2.262456
3/12/2016,2016,3,12,1.413,1.097,0.556,4.0261,5.6888793,4.4166317,2.2385116
3/13/2016,2016,3,13,1.415,1.097,0.563,4.0261,5.6969315,4.4166317,2.2666943
3/14/2016,2016,3,14,1.416,1.1,0.558,4.0261,5.7009576,4.42871,2.2465638
3/15/2016,2016,3,15,1.415,1.101,0.561,4.1191,5.8285265,4.5351291,2.3108151
3/16/2016,2016,3,16,1.414,1.099,0.561,4.2224,5.9704736,4.6404176,2.3687664
3/17/2016,2016,3,17,1.412,1.099,0.568,4.1438,5.8510456,4.5540362,2.3536784
3/18/2016,2016,3,18,1.411,1.103,0.569,4.0794,5.7560334,4.4995782,2.3211786
3/19/2016,2016,3,19,1.407,1.101,0.565,4.0897,5.7542079,4.5027597,2.3106805
3/20/2016,2016,3,20,1.409,1.102,0.559,4.0897,5.7623873,4.5068494,2.2861423
3/21/2016,2016,3,21,1.41,1.104,0.566,4.0897,5.766477,4.5150288,2.3147702
3/22/2016,2016,3,22,1.41,1.104,0.569,4.0526,5.714166,4.4740704,2.3059294
3/23/2016,2016,3,23,1.41,1.103,0.567,4.06,5.7246,4.47818,2.30202
3/24/2016,2016,3,24,1.414,1.103,0.569,4.1316,5.8420824,4.5571548,2.3508804
3/25/2016,2016,3,25,1.424,1.103,0.573,4.0795,5.809208,4.4996885,2.3375535
3/26/2016,2016,3,26,1.423,1.101,0.564,4.0795,5.8051285,4.4915295,2.300838
3/27/2016,2016,3,27,1.427,1.101,0.563,4.0795,5.8214465,4.4915295,2.2967585
3/28/2016,2016,3,28,1.426,1.102,0.559,4.0795,5.817367,4.495609,2.2804405
3/29/2016,2016,3,29,1.426,1.104,0.565,4.0795,5.817367,4.503768,2.3049175
3/30/2016,2016,3,30,1.435,1.1,0.572,4.1275,5.9229625,4.54025,2.36093
3/31/2016,2016,3,31,1.444,1.097,0.561,4.1174,5.9455256,4.5167878,2.3098614
4/1/2016,2016,4,1,1.449,1.098,0.571,4.1296,5.9837904,4.5343008,2.3580016
4/2/2016,2016,4,2,1.451,1.091,0.563,4.042,5.864942,4.409822,2.275646
4/3/2016,2016,4,3,1.453,1.091,0.573,4.042,5.873026,4.409822,2.316066
4/4/2016,2016,4,4,1.455,1.092,0.568,4.042,5.88111,4.413864,2.295856
4/5/2016,2016,4,5,1.453,1.088,0.575,4.1395,6.0146935,4.503776,2.3802125
4/6/2016,2016,4,6,1.452,1.08,0.567,4.2,6.0984,4.536,2.3814
4/7/2016,2016,4,7,1.447,1.073,0.573,4.1617,6.0219799,4.4655041,2.3846541
4/8/2016,2016,4,8,1.447,1.07,0.564,4.1554,6.0128638,4.446278,2.3436456
4/9/2016,2016,4,9,1.449,1.069,0.562,4.0647,5.8897503,4.3451643,2.2843614
4/10/2016,2016,4,10,1.452,1.07,0.555,4.0647,5.9019444,4.349229,2.2559085
4/11/2016,2016,4,11,1.454,1.072,0.565,4.0647,5.9100738,4.3573584,2.2965555
4/12/2016,2016,4,12,1.461,1.076,0.57,4.0034,5.8489674,4.3076584,2.281938
4/13/2016,2016,4,13,1.465,1.083,0.568,3.969,5.814585,4.298427,2.254392
4/14/2016,2016,4,14,1.471,1.091,0.566,3.9586,5.8231006,4.3188326,2.2405676
4/15/2016,2016,4,15,1.48,1.095,0.57,3.9387,5.829276,4.3128765,2.245059
4/16/2016,2016,4,16,1.479,1.092,0.566,3.9606,5.8577274,4.3249752,2.2416996
4/17/2016,2016,4,17,1.482,1.092,0.569,3.9606,5.8696092,4.3249752,2.2535814
4/18/2016,2016,4,18,1.483,1.095,0.567,3.9606,5.8735698,4.336857,2.2456602
4/19/2016,2016,4,19,1.479,1.095,0.567,4.0408,5.9763432,4.424676,2.2911336
4/20/2016,2016,4,20,1.475,1.094,0.574,4.0362,5.953395,4.4156028,2.3167788
4/21/2016,2016,4,21,1.474,1.095,0.565,4.0043,5.9023382,4.3847085,2.2624295
4/22/2016,2016,4,22,1.477,1.103,0.566,4.0218,5.9401986,4.4360454,2.2763388
4/23/2016,2016,4,23,1.475,1.105,0.563,4.0168,5.92478,4.438564,2.2614584
4/24/2016,2016,4,24,1.476,1.106,0.564,4.0168,5.9287968,4.4425808,2.2654752
4/25/2016,2016,4,25,1.478,1.108,0.566,4.0168,5.9368304,4.4506144,2.2735088
4/26/2016,2016,4,26,1.479,1.11,0.567,3.9943,5.9075697,4.433673,2.2647681
4/27/2016,2016,4,27,1.477,1.108,0.571,3.9826,5.8823002,4.4127208,2.2740646
4/28/2016,2016,4,28,1.477,1.11,0.566,3.9907,5.8942639,4.429677,2.2587362
4/29/2016,2016,4,29,1.485,1.119,0.57,3.9738,5.901093,4.4466822,2.265066
4/30/2016,2016,4,30,1.489,1.122,0.564,3.9731,5.9159459,4.4578182,2.2408284
5/1/2016,2016,5,1,1.491,1.123,0.559,3.9731,5.9238921,4.4617913,2.2209629
5/2/2016,2016,5,2,1.493,1.125,0.568,3.9731,5.9318383,4.4697375,2.2567208
5/3/2016,2016,5,3,1.494,1.126,0.563,4.102,6.128388,4.618852,2.309426
5/4/2016,2016,5,4,1.493,1.121,0.565,4.1091,6.1348863,4.6063011,2.3216415
5/5/2016,2016,5,5,1.486,1.118,0.562,4.0282,5.9859052,4.5035276,2.2638484
5/6/2016,2016,5,6,1.488,1.12,0.567,4.065,6.04872,4.5528,2.304855
5/7/2016,2016,5,7,1.484,1.114,0.576,3.9971,5.9316964,4.4527694,2.3023296
5/8/2016,2016,5,8,1.487,1.114,0.559,3.9971,5.9436877,4.4527694,2.2343789
5/9/2016,2016,5,9,1.487,1.117,0.561,3.9971,5.9436877,4.4647607,2.2423731
5/10/2016,2016,5,10,1.485,1.111,0.569,3.9647,5.8875795,4.4047817,2.2559143
5/11/2016,2016,5,11,1.479,1.108,0.56,3.9517,5.8445643,4.3784836,2.212952
5/12/2016,2016,5,12,1.475,1.112,0.565,3.9419,5.8143025,4.3833928,2.2271735
5/13/2016,2016,5,13,1.478,1.122,0.563,3.9559,5.8468202,4.4385198,2.2271717
5/14/2016,2016,5,14,1.483,1.124,0.567,3.9999,5.9318517,4.4958876,2.2679433
5/15/2016,2016,5,15,1.486,1.126,0.555,3.9999,5.9438514,4.5038874,2.2199445
5/16/2016,2016,5,16,1.486,1.126,0.554,3.9999,5.9438514,4.5038874,2.2159446
5/17/2016,2016,5,17,1.487,1.128,0.561,3.9451,5.8663637,4.4500728,2.2132011
5/18/2016,2016,5,18,1.492,1.134,0.561,3.9891,5.9517372,4.5236394,2.2378851
5/19/2016,2016,5,19,1.499,1.142,0.558,4.0146,6.0178854,4.5846732,2.2401468
5/20/2016,2016,5,20,1.503,1.145,0.562,3.9797,5.9814891,4.5567565,2.2365914
5/21/2016,2016,5,21,1.503,1.144,0.554,3.9832,5.9867496,4.5567808,2.2066928
5/22/2016,2016,5,22,1.504,1.144,0.546,3.9832,5.9907328,4.5567808,2.1748272
5/23/2016,2016,5,23,1.505,1.146,0.559,3.9832,5.994716,4.5647472,2.2266088
5/24/2016,2016,5,24,1.505,1.152,0.555,3.9639,5.9656695,4.5664128,2.1999645
5/25/2016,2016,5,25,1.51,1.157,0.558,3.9681,5.991831,4.5910917,2.2141998
5/26/2016,2016,5,26,1.518,1.164,0.56,4.0004,6.0726072,4.6564656,2.240224
5/27/2016,2016,5,27,1.527,1.171,0.567,4.031,6.155337,4.720301,2.285577
5/28/2016,2016,5,28,1.527,1.172,0.561,4.0148,6.1305996,4.7053456,2.2523028
5/29/2016,2016,5,29,1.528,1.173,0.558,4.0148,6.1346144,4.7093604,2.2402584
5/30/2016,2016,5,30,1.531,1.176,0.566,4.0148,6.1466588,4.7214048,2.2723768
5/31/2016,2016,5,31,1.53,1.177,0.563,3.985,6.09705,4.690345,2.243555
6/1/2016,2016,6,1,1.528,1.176,0.558,4.0211,6.1442408,4.7288136,2.2437738
6/2/2016,2016,6,2,1.526,1.174,0.567,4.0235,6.139861,4.723589,2.2813245
6/3/2016,2016,6,3,1.528,1.175,0.569,3.9973,6.1078744,4.6968275,2.2744637
6/4/2016,2016,6,4,1.525,1.17,0.563,3.9934,6.089935,4.672278,2.2482842
6/5/2016,2016,6,5,1.528,1.171,0.559,3.9934,6.1019152,4.6762714,2.2323106
6/6/2016,2016,6,6,1.529,1.173,0.562,3.9934,6.1059086,4.6842582,2.2442908
6/7/2016,2016,6,7,1.528,1.171,0.568,3.9788,6.0796064,4.6591748,2.2599584
6/8/2016,2016,6,8,1.522,1.168,0.569,3.8786,5.9032292,4.5302048,2.2069234
6/9/2016,2016,6,9,1.517,1.172,0.564,3.8378,5.8219426,4.4979016,2.1645192
6/10/2016,2016,6,10,1.519,1.175,0.568,3.8662,5.8727578,4.542785,2.1960016
6/11/2016,2016,6,11,1.517,1.174,0.562,3.876,5.879892,4.550424,2.178312
6/12/2016,2016,6,12,1.518,1.174,0.563,3.876,5.883768,4.550424,2.182188
6/13/2016,2016,6,13,1.519,1.176,0.572,3.876,5.887644,4.558176,2.217072
6/14/2016,2016,6,14,1.519,1.176,0.564,3.9273,5.9655687,4.6185048,2.2149972
6/15/2016,2016,6,15,1.518,1.174,0.566,3.8945,5.911851,4.572143,2.204287
6/16/2016,2016,6,16,1.516,1.171,0.565,3.8943,5.9037588,4.5602253,2.2002795
6/17/2016,2016,6,17,1.517,1.169,0.564,3.8942,5.9075014,4.5523198,2.1963288
6/18/2016,2016,6,18,1.513,1.164,0.558,3.8286,5.7926718,4.4564904,2.1363588
6/19/2016,2016,6,19,1.515,1.165,0.553,3.8286,5.800329,4.460319,2.1172158
6/20/2016,2016,6,20,1.517,1.167,0.566,3.8286,5.8079862,4.4679762,2.1669876
6/21/2016,2016,6,21,1.516,1.169,0.569,3.81,5.77596,4.45389,2.16789
6/22/2016,2016,6,22,1.517,1.168,0.563,3.8357,5.8187569,4.4800976,2.1594991
6/23/2016,2016,6,23,1.517,1.168,0.565,3.8172,5.7906924,4.4584896,2.156718
6/24/2016,2016,6,24,1.518,1.17,0.563,3.8063,5.7779634,4.453371,2.1429469
6/25/2016,2016,6,25,1.517,1.166,0.567,3.743,5.678131,4.364338,2.122281
6/26/2016,2016,6,26,1.519,1.166,0.558,3.743,5.685617,4.364338,2.088594
6/27/2016,2016,6,27,1.521,1.169,0.568,3.743,5.693103,4.375567,2.126024
6/28/2016,2016,6,28,1.519,1.168,0.567,3.7183,5.6480977,4.3429744,2.1082761
6/29/2016,2016,6,29,1.516,1.165,0.563,3.6216,5.4903456,4.219164,2.0389608
6/30/2016,2016,6,30,1.515,1.165,0.563,3.5898,5.438547,4.182117,2.0210574
7/1/2016,2016,7,1,1.517,1.168,0.571,3.5837,5.4364729,4.1857616,2.0462927
7/2/2016,2016,7,2,1.51,1.161,0.561,3.6131,5.455781,4.1948091,2.0269491
7/3/2016,2016,7,3,1.513,1.162,0.566,3.6131,5.4666203,4.1984222,2.0450146
7/4/2016,2016,7,4,1.513,1.164,0.561,3.6131,5.4666203,4.2056484,2.0269491
7/5/2016,2016,7,5,1.51,1.161,0.564,3.6655,5.534905,4.2556455,2.067342
7/6/2016,2016,7,6,1.502,1.154,0.559,3.6787,5.5254074,4.2452198,2.0563933
7/7/2016,2016,7,7,1.495,1.15,0.554,3.6894,5.515653,4.24281,2.0439276
7/8/2016,2016,7,8,1.492,1.15,0.564,3.6942,5.5117464,4.24833,2.0835288
7/9/2016,2016,7,9,1.482,1.143,0.557,3.6651,5.4316782,4.1892093,2.0414607
7/10/2016,2016,7,10,1.483,1.143,0.555,3.6651,5.4353433,4.1892093,2.0341305
7/11/2016,2016,7,11,1.483,1.146,0.555,3.6651,5.4353433,4.2002046,2.0341305
7/12/2016,2016,7,12,1.477,1.14,0.554,3.6414,5.3783478,4.151196,2.0173356
7/13/2016,2016,7,13,1.471,1.138,0.555,3.6517,5.3716507,4.1556346,2.0266935
7/14/2016,2016,7,14,1.469,1.136,0.552,3.6041,5.2944229,4.0942576,1.9894632
7/15/2016,2016,7,15,1.468,1.136,0.547,3.6232,5.3188576,4.1159552,1.9818904
7/16/2016,2016,7,16,1.464,1.131,0.544,3.5963,5.2649832,4.0674153,1.9563872
7/17/2016,2016,7,17,1.466,1.132,0.547,3.5963,5.2721758,4.0710116,1.9671761
7/18/2016,2016,7,18,1.468,1.133,0.551,3.5963,5.2793684,4.0746079,1.9815613
7/19/2016,2016,7,19,1.467,1.13,0.546,3.6078,5.2926426,4.076814,1.9698588
7/20/2016,2016,7,20,1.466,1.127,0.548,3.5761,5.2425626,4.0302647,1.9597028
7/21/2016,2016,7,21,1.465,1.126,0.549,3.5804,5.245286,4.0315304,1.9656396
7/22/2016,2016,7,22,1.467,1.13,0.543,3.6138,5.3014446,4.083594,1.9622934
7/23/2016,2016,7,23,1.462,1.126,0.544,3.5758,5.2278196,4.0263508,1.9452352
7/24/2016,2016,7,24,1.466,1.126,0.539,3.5758,5.2421228,4.0263508,1.9273562
7/25/2016,2016,7,25,1.464,1.128,0.54,3.5758,5.2349712,4.0335024,1.930932
7/26/2016,2016,7,26,1.462,1.123,0.546,3.608,5.274896,4.051784,1.969968
7/27/2016,2016,7,27,1.459,1.12,0.548,3.6056,5.2605704,4.038272,1.9758688
7/28/2016,2016,7,28,1.456,1.114,0.545,3.6306,5.2861536,4.0444884,1.978677
7/29/2016,2016,7,29,1.454,1.111,0.548,3.6478,5.3039012,4.0527058,1.9989944
7/30/2016,2016,7,30,1.45,1.101,0.541,3.6361,5.272345,4.0033461,1.9671301
7/31/2016,2016,7,31,1.452,1.102,0.534,3.6361,5.2796172,4.0069822,1.9416774
8/1/2016,2016,8,1,1.451,1.102,0.541,3.6361,5.2759811,4.0069822,1.9671301
8/2/2016,2016,8,2,1.445,1.1,0.543,3.6549,5.2813305,4.02039,1.9846107
8/3/2016,2016,8,3,1.445,1.093,0.546,3.6606,5.289567,4.0010358,1.9986876
8/4/2016,2016,8,4,1.443,1.09,0.548,3.5894,5.1795042,3.912446,1.9669912
8/5/2016,2016,8,5,1.445,1.089,0.548,3.5501,5.1298945,3.8660589,1.9454548
8/6/2016,2016,8,6,1.445,1.088,0.531,3.5239,5.0920355,3.8340032,1.8711909
8/7/2016,2016,8,7,1.448,1.089,0.541,3.5239,5.1026072,3.8375271,1.9064299
8/8/2016,2016,8,8,1.45,1.092,0.542,3.5239,5.109655,3.8480988,1.9099538
8/9/2016,2016,8,9,1.454,1.098,0.538,3.5045,5.095543,3.847941,1.885421
8/10/2016,2016,8,10,1.453,1.104,0.547,3.4911,5.0725683,3.8541744,1.9096317
8/11/2016,2016,8,11,1.455,1.107,0.538,3.5156,5.115198,3.8917692,1.8913928
8/12/2016,2016,8,12,1.457,1.109,0.55,3.5287,5.1413159,3.9133283,1.940785
8/13/2016,2016,8,13,1.456,1.108,0.542,3.5463,5.1634128,3.9293004,1.9220946
8/14/2016,2016,8,14,1.457,1.11,0.537,3.5463,5.1669591,3.936393,1.9043631
8/15/2016,2016,8,15,1.459,1.113,0.543,3.5463,5.1740517,3.9470319,1.9256409
8/16/2016,2016,8,16,1.463,1.12,0.538,3.5741,5.2289083,4.002992,1.9228658
8/17/2016,2016,8,17,1.465,1.125,0.534,3.6238,5.308867,4.076775,1.9351092
8/18/2016,2016,8,18,1.464,1.129,0.543,3.6484,5.3412576,4.1190436,1.9810812
8/19/2016,2016,8,19,1.472,1.135,0.55,3.6659,5.3962048,4.1607965,2.016245
8/20/2016,2016,8,20,1.481,1.142,0.531,3.6339,5.3818059,4.1499138,1.9296009
8/21/2016,2016,8,21,1.482,1.143,0.534,3.6339,5.3854398,4.1535477,1.9405026
8/22/2016,2016,8,22,1.483,1.146,0.535,3.6339,5.3890737,4.1644494,1.9441365
8/23/2016,2016,8,23,1.484,1.147,0.535,3.6146,5.3640664,4.1459462,1.933811
8/24/2016,2016,8,24,1.484,1.147,0.529,3.6463,5.4111092,4.1823061,1.9288927
8/25/2016,2016,8,25,1.483,1.147,0.535,3.6365,5.3929295,4.1710655,1.9455275
8/26/2016,2016,8,26,1.485,1.148,0.536,3.6441,5.4114885,4.1834268,1.9532376
8/27/2016,2016,8,27,1.484,1.146,0.535,3.671,5.447764,4.206966,1.963985
8/28/2016,2016,8,28,1.485,1.147,0.547,3.671,5.451435,4.210637,2.008037
8/29/2016,2016,8,29,1.486,1.149,0.539,3.671,5.455106,4.217979,1.978669
8/30/2016,2016,8,30,1.487,1.15,0.538,3.5991,5.3518617,4.138965,1.9363158
8/31/2016,2016,8,31,1.492,1.154,0.547,3.6016,5.3735872,4.1562464,1.9700752
9/1/2016,2016,9,1,1.491,1.155,0.546,3.6026,5.3714766,4.161003,1.9670196
9/2/2016,2016,9,2,1.494,1.157,0.548,3.6549,5.4604206,4.2287193,2.0028852
9/3/2016,2016,9,3,1.487,1.149,0.545,3.6258,5.3915646,4.1660442,1.976061
9/4/2016,2016,9,4,1.489,1.151,0.547,3.6258,5.3988162,4.1732958,1.9833126
9/5/2016,2016,9,5,1.49,1.153,0.545,3.6258,5.402442,4.1805474,1.976061
9/6/2016,2016,9,6,1.486,1.153,0.552,3.6445,5.415727,4.2021085,2.011764
9/7/2016,2016,9,7,1.489,1.153,0.551,3.5944,5.3520616,4.1443432,1.9805144
9/8/2016,2016,9,8,1.488,1.154,0.564,3.5982,5.3541216,4.1523228,2.0293848
9/9/2016,2016,9,9,1.498,1.156,0.557,3.6552,5.4754896,4.2254112,2.0359464
9/10/2016,2016,9,10,1.498,1.154,0.56,3.6931,5.5322638,4.2618374,2.068136
9/11/2016,2016,9,11,1.5,1.155,0.552,3.6931,5.53965,4.2655305,2.0385912
9/12/2016,2016,9,12,1.502,1.158,0.555,3.6931,5.5470362,4.2766098,2.0496705
9/13/2016,2016,9,13,1.502,1.156,0.554,3.6809,5.5287118,4.2551204,2.0392186
9/14/2016,2016,9,14,1.501,1.154,0.558,3.7097,5.5682597,4.2809938,2.0700126
9/15/2016,2016,9,15,1.499,1.153,0.557,3.7439,5.6121061,4.3167167,2.0853523
9/16/2016,2016,9,16,1.496,1.15,0.556,3.6993,5.5341528,4.254195,2.0568108
9/17/2016,2016,9,17,1.492,1.145,0.558,3.644,5.436848,4.17238,2.033352
9/18/2016,2016,9,18,1.495,1.147,0.547,3.644,5.44778,4.179668,1.993268
9/19/2016,2016,9,19,1.496,1.149,0.556,3.644,5.451424,4.186956,2.026064
9/20/2016,2016,9,20,1.494,1.148,0.558,3.6473,5.4490662,4.1871004,2.0351934
9/21/2016,2016,9,21,1.492,1.145,0.555,3.6137,5.3916404,4.1376865,2.0056035
9/22/2016,2016,9,22,1.49,1.145,0.555,3.594,5.35506,4.11513,1.99467
9/23/2016,2016,9,23,1.493,1.147,0.561,3.5931,5.3644983,4.1212857,2.0157291
9/24/2016,2016,9,24,1.486,1.145,0.556,3.6522,5.4271692,4.181769,2.0306232
9/25/2016,2016,9,25,1.49,1.147,0.557,3.6522,5.441778,4.1890734,2.0342754
9/26/2016,2016,9,26,1.489,1.149,0.558,3.6522,5.4381258,4.1963778,2.0379276
9/27/2016,2016,9,27,1.476,1.135,0.565,3.6215,5.345334,4.1104025,2.0461475
9/28/2016,2016,9,28,1.477,1.138,0.566,3.6389,5.3746553,4.1410682,2.0596174
9/29/2016,2016,9,29,1.475,1.136,0.567,3.63,5.35425,4.12368,2.05821
9/30/2016,2016,9,30,1.482,1.144,0.571,3.621,5.366322,4.142424,2.067591
10/1/2016,2016,10,1,1.484,1.151,0.573,3.6409,5.4030956,4.1906759,2.0862357
10/2/2016,2016,10,2,1.486,1.153,0.569,3.6409,5.4103774,4.1979577,2.0716721
10/3/2016,2016,10,3,1.489,1.156,0.571,3.6409,5.4213001,4.2088804,2.0789539
10/4/2016,2016,10,4,1.494,1.165,0.576,3.5816,5.3509104,4.172564,2.0630016
10/5/2016,2016,10,5,1.501,1.171,0.573,3.6374,5.4597374,4.2593954,2.0842302
10/6/2016,2016,10,6,1.509,1.18,0.581,3.6206,5.4634854,4.272308,2.1035686
10/7/2016,2016,10,7,1.513,1.185,0.573,3.6087,5.4599631,4.2763095,2.0677851
10/8/2016,2016,10,8,1.512,1.183,0.573,3.5886,5.4259632,4.2453138,2.0562678
10/9/2016,2016,10,9,1.514,1.184,0.57,3.5886,5.4331404,4.2489024,2.045502
10/10/2016,2016,10,10,1.515,1.187,0.58,3.5886,5.436729,4.2596682,2.081388
10/11/2016,2016,10,11,1.522,1.194,0.58,3.5634,5.4234948,4.2546996,2.066772
10/12/2016,2016,10,12,1.523,1.195,0.581,3.5256,5.3694888,4.213092,2.0483736
10/13/2016,2016,10,13,1.522,1.195,0.58,3.5337,5.3782914,4.2227715,2.049546
10/14/2016,2016,10,14,1.524,1.196,0.587,3.4994,5.3330856,4.1852824,2.0541478
10/15/2016,2016,10,15,1.52,1.192,0.573,3.5147,5.342344,4.1895224,2.0139231
10/16/2016,2016,10,16,1.523,1.192,0.568,3.5147,5.3528881,4.1895224,1.9963496
10/17/2016,2016,10,17,1.524,1.196,0.577,3.5147,5.3564028,4.2035812,2.0279819
10/18/2016,2016,10,18,1.524,1.2,0.581,3.5073,5.3451252,4.20876,2.0377413
10/19/2016,2016,10,19,1.524,1.203,0.59,3.5063,5.3436012,4.2180789,2.068717
10/20/2016,2016,10,20,1.523,1.205,0.584,3.4629,5.2739967,4.1727945,2.0223336
10/21/2016,2016,10,21,1.525,1.206,0.586,3.434,5.23685,4.141404,2.012324
10/22/2016,2016,10,22,1.521,1.203,0.586,3.42,5.20182,4.11426,2.00412
10/23/2016,2016,10,23,1.523,1.204,0.578,3.42,5.20866,4.11768,1.97676
10/24/2016,2016,10,24,1.524,1.206,0.585,3.42,5.21208,4.12452,2.0007
10/25/2016,2016,10,25,1.525,1.211,0.59,3.3872,5.16548,4.1018992,1.998448
10/26/2016,2016,10,26,1.528,1.214,0.586,3.4065,5.205132,4.135491,1.996209
10/27/2016,2016,10,27,1.529,1.214,0.588,3.4261,5.2385069,4.1592854,2.0145468
10/28/2016,2016,10,28,1.533,1.216,0.591,3.4841,5.3411253,4.2366656,2.0591031
10/29/2016,2016,10,29,1.526,1.212,0.584,3.4836,5.3159736,4.2221232,2.0344224
10/30/2016,2016,10,30,1.528,1.213,0.582,3.4836,5.3229408,4.2256068,2.0274552
10/31/2016,2016,10,31,1.529,1.214,0.589,3.4836,5.3264244,4.2290904,2.0518404
11/1/2016,2016,11,1,1.525,1.211,0.59,3.5239,5.3739475,4.2674429,2.079101
11/2/2016,2016,11,2,1.522,1.206,0.589,3.5967,5.4741774,4.3376202,2.1184563
11/3/2016,2016,11,3,1.514,1.198,0.591,3.572,5.408008,4.279256,2.111052
11/4/2016,2016,11,4,1.513,1.192,0.594,3.5996,5.4461948,4.2907232,2.1381624
11/5/2016,2016,11,5,1.504,1.184,0.59,3.5445,5.330928,4.196688,2.091255
11/6/2016,2016,11,6,1.507,1.185,0.59,3.5445,5.3415615,4.2002325,2.091255
11/7/2016,2016,11,7,1.508,1.188,0.584,3.5445,5.345106,4.210866,2.069988
11/8/2016,2016,11,8,1.505,1.183,0.597,3.5364,5.322282,4.1835612,2.1112308
11/9/2016,2016,11,9,1.502,1.177,0.593,3.5565,5.341863,4.1860005,2.1090045
11/10/2016,2016,11,10,1.495,1.176,0.598,3.5815,5.3543425,4.211844,2.141737
11/11/2016,2016,11,11,1.495,1.177,0.597,3.7208,5.562596,4.3793816,2.2213176
11/12/2016,2016,11,12,1.491,1.172,0.592,3.7153,5.5395123,4.3543316,2.1994576
11/13/2016,2016,11,13,1.491,1.173,0.585,3.7153,5.5395123,4.3580469,2.1734505
11/14/2016,2016,11,14,1.494,1.176,0.591,3.7153,5.5506582,4.3691928,2.1957423
11/15/2016,2016,11,15,1.488,1.172,0.592,3.7006,5.5064928,4.3371032,2.1907552
11/16/2016,2016,11,16,1.485,1.168,0.598,3.6791,5.4634635,4.2971888,2.2001018
11/17/2016,2016,11,17,1.482,1.166,0.597,3.655,5.41671,4.26173,2.182035
11/18/2016,2016,11,18,1.489,1.172,0.601,3.6049,5.3676961,4.2249428,2.1665449
11/19/2016,2016,11,19,1.489,1.173,0.599,3.5667,5.3108163,4.1837391,2.1364533
11/20/2016,2016,11,20,1.492,1.174,0.6,3.5667,5.3215164,4.1873058,2.14002
11/21/2016,2016,11,21,1.493,1.177,0.601,3.5667,5.3250831,4.1980059,2.1435867
11/22/2016,2016,11,22,1.495,1.186,0.605,3.5497,5.3068015,4.2099442,2.1475685
11/23/2016,2016,11,23,1.499,1.191,0.596,3.586,5.375414,4.270926,2.137256
11/24/2016,2016,11,24,1.499,1.197,0.605,3.5909,5.3827591,4.2983073,2.1724945
11/25/2016,2016,11,25,1.506,1.201,0.606,3.6394,5.4809364,4.3709194,2.2054764
11/26/2016,2016,11,26,1.508,1.2,0.601,3.5909,5.4150772,4.30908,2.1581309
11/27/2016,2016,11,27,1.511,1.203,0.603,3.5909,5.4258499,4.3198527,2.1653127
11/28/2016,2016,11,28,1.513,1.205,0.605,3.5909,5.4330317,4.3270345,2.1724945
11/29/2016,2016,11,29,1.512,1.205,0.599,3.6009,5.4445608,4.3390845,2.1569391
11/30/2016,2016,11,30,1.511,1.2,0.602,3.6118,5.4574298,4.33416,2.1743036
12/1/2016,2016,12,1,1.511,1.199,0.609,3.6597,5.5298067,4.3879803,2.2287573
12/2/2016,2016,12,2,1.524,1.211,0.61,3.6909,5.6249316,4.4696799,2.251449
12/3/2016,2016,12,3,1.529,1.214,0.611,3.7044,5.6640276,4.4971416,2.2633884
12/4/2016,2016,12,4,1.531,1.215,0.608,3.7044,5.6714364,4.500846,2.2522752
12/5/2016,2016,12,5,1.533,1.219,0.616,3.7044,5.6788452,4.5156636,2.2819104
12/6/2016,2016,12,6,1.54,1.226,0.626,3.6837,5.672898,4.5162162,2.3059962
12/7/2016,2016,12,7,1.54,1.226,0.624,3.6457,5.614378,4.4696282,2.2749168
12/8/2016,2016,12,8,1.54,1.225,0.626,3.6599,5.636246,4.4833775,2.2910974
12/9/2016,2016,12,9,1.542,1.227,0.631,3.5815,5.522673,4.3945005,2.2599265
12/10/2016,2016,12,10,1.539,1.225,0.625,3.5953,5.5331667,4.4042425,2.2470625
12/11/2016,2016,12,11,1.542,1.226,0.625,3.5953,5.5439526,4.4078378,2.2470625
12/12/2016,2016,12,12,1.543,1.229,0.623,3.5953,5.5475479,4.4186237,2.2398719
12/13/2016,2016,12,13,1.551,1.235,0.626,3.5325,5.4789075,4.3626375,2.211345
12/14/2016,2016,12,14,1.554,1.242,0.626,3.5242,5.4766068,4.3770564,2.2061492
12/15/2016,2016,12,15,1.552,1.244,0.634,3.5298,5.4782496,4.3910712,2.2378932
12/16/2016,2016,12,16,1.554,1.245,0.633,3.5081,5.4515874,4.3675845,2.2206273
12/17/2016,2016,12,17,1.552,1.242,0.627,3.5191,5.4616432,4.3707222,2.2064757
12/18/2016,2016,12,18,1.555,1.244,0.628,3.5191,5.4722005,4.3777604,2.2099948
12/19/2016,2016,12,19,1.557,1.247,0.626,3.5191,5.4792387,4.3883177,2.2029566
12/20/2016,2016,12,20,1.555,1.247,0.634,3.4801,5.4115555,4.3396847,2.2063834
12/21/2016,2016,12,21,1.559,1.251,0.633,3.4729,5.4142511,4.3445979,2.1983457
12/22/2016,2016,12,22,1.56,1.253,0.636,3.4761,5.422716,4.3555533,2.2107996
12/23/2016,2016,12,23,1.564,1.255,0.638,3.4146,5.3404344,4.285323,2.1785148
12/24/2016,2016,12,24,1.559,1.249,0.643,3.4256,5.3405104,4.2785744,2.2026608
12/25/2016,2016,12,25,1.56,1.251,0.627,3.4256,5.343936,4.2854256,2.1478512
12/26/2016,2016,12,26,1.562,1.252,0.632,3.4256,5.3507872,4.2888512,2.1649792
12/27/2016,2016,12,27,1.561,1.252,0.635,3.4256,5.3473616,4.2888512,2.175256
12/28/2016,2016,12,28,1.557,1.249,0.645,3.4026,5.2978482,4.2498474,2.194677
12/29/2016,2016,12,29,1.558,1.253,0.642,3.4123,5.3163634,4.2756119,2.1906966
12/30/2016,2016,12,30,1.563,1.257,0.642,3.4305,5.3618715,4.3121385,2.202381
12/31/2016,2016,12,31,1.564,1.256,0.643,3.4265,5.359046,4.303684,2.2032395
1/1/2017,2017,1,1,1.563,1.256,0.635,3.4265,5.3556195,4.303684,2.1758275
1/2/2017,2017,1,2,1.564,1.258,0.639,3.4265,5.359046,4.310537,2.1895335
1/3/2017,2017,1,3,1.565,1.26,0.634,3.3916,5.307854,4.273416,2.1502744
1/4/2017,2017,1,4,1.568,1.263,0.649,3.3784,5.2973312,4.2669192,2.1925816
1/5/2017,2017,1,5,1.569,1.263,0.641,3.3742,5.2941198,4.2616146,2.1628622
1/6/2017,2017,1,6,1.572,1.264,0.648,3.3905,5.329866,4.285592,2.197044
1/7/2017,2017,1,7,1.57,1.257,0.642,3.378,5.30346,4.246146,2.168676
1/8/2017,2017,1,8,1.571,1.259,0.64,3.378,5.306838,4.252902,2.16192
1/9/2017,2017,1,9,1.573,1.26,0.648,3.378,5.313594,4.25628,2.188944
1/10/2017,2017,1,10,1.572,1.257,0.646,3.3743,5.3043996,4.2414951,2.1797978
1/11/2017,2017,1,11,1.568,1.249,0.645,3.3786,5.2976448,4.2198714,2.179197
1/12/2017,2017,1,12,1.563,1.245,0.644,3.3718,5.2701234,4.197891,2.1714392
1/13/2017,2017,1,13,1.564,1.245,0.654,3.4097,5.3327708,4.2450765,2.2299438
1/14/2017,2017,1,14,1.561,1.242,0.658,3.413,5.327693,4.238946,2.245754
1/15/2017,2017,1,15,1.564,1.243,0.645,3.413,5.337932,4.242359,2.201385
1/16/2017,2017,1,16,1.565,1.246,0.652,3.413,5.341345,4.252598,2.225276
1/17/2017,2017,1,17,1.567,1.246,0.654,3.4305,5.3755935,4.274403,2.243547
1/18/2017,2017,1,18,1.57,1.245,0.658,3.4367,5.395619,4.2786915,2.2613486
1/19/2017,2017,1,19,1.57,1.24,0.662,3.4223,5.373011,4.243652,2.2655626
1/20/2017,2017,1,20,1.571,1.241,0.664,3.3977,5.3377867,4.2165457,2.2560728
1/21/2017,2017,1,21,1.567,1.237,0.66,3.3873,5.3078991,4.1900901,2.235618
1/22/2017,2017,1,22,1.569,1.238,0.665,3.3873,5.3146737,4.1934774,2.2525545
1/23/2017,2017,1,23,1.571,1.24,0.66,3.3873,5.3214483,4.200252,2.235618
1/24/2017,2017,1,24,1.569,1.237,0.666,3.4,5.3346,4.2058,2.2644
1/25/2017,2017,1,25,1.569,1.235,0.659,3.4057,5.3435433,4.2060395,2.2443563
1/26/2017,2017,1,26,1.568,1.235,0.661,3.4093,5.3457824,4.2104855,2.2535473
1/27/2017,2017,1,27,1.57,1.237,0.664,3.3834,5.311938,4.1852658,2.2465776
1/28/2017,2017,1,28,1.568,1.231,0.665,3.3318,5.2242624,4.1014458,2.215647
1/29/2017,2017,1,29,1.571,1.232,0.655,3.3318,5.2342578,4.1047776,2.182329
1/30/2017,2017,1,30,1.571,1.234,0.666,3.3318,5.2342578,4.1114412,2.2189788
1/31/2017,2017,1,31,1.563,1.225,0.668,3.3535,5.2415205,4.1080375,2.240138
2/1/2017,2017,2,1,1.564,1.229,0.661,3.3918,5.3047752,4.1685222,2.2419798
2/2/2017,2017,2,2,1.568,1.232,0.665,3.3659,5.2777312,4.1467888,2.2383235
2/3/2017,2017,2,3,1.578,1.241,0.665,3.3641,5.3085498,4.1748481,2.2371265
2/4/2017,2017,2,4,1.577,1.241,0.671,3.3408,5.2684416,4.1459328,2.2416768
2/5/2017,2017,2,5,1.58,1.242,0.661,3.3408,5.278464,4.1492736,2.2082688
2/6/2017,2017,2,6,1.581,1.245,0.666,3.3408,5.2818048,4.159296,2.2249728
2/7/2017,2017,2,7,1.582,1.245,0.664,3.3378,5.2803996,4.155561,2.2162992
2/8/2017,2017,2,8,1.578,1.242,0.674,3.333,5.259474,4.139586,2.246442
2/9/2017,2017,2,9,1.578,1.242,0.669,3.3329,5.2593162,4.1394618,2.2297101
2/10/2017,2017,2,10,1.58,1.243,0.665,3.307,5.22506,4.110601,2.199155
2/11/2017,2017,2,11,1.581,1.244,0.681,3.3159,5.2424379,4.1249796,2.2581279
2/12/2017,2017,2,12,1.582,1.245,0.674,3.3159,5.2457538,4.1282955,2.2349166
2/13/2017,2017,2,13,1.585,1.249,0.68,3.3159,5.2557015,4.1415591,2.254812
2/14/2017,2017,2,14,1.589,1.251,0.674,3.2881,5.2247909,4.1134131,2.2161794
2/15/2017,2017,2,15,1.588,1.251,0.678,3.2505,5.161794,4.0663755,2.203839
2/16/2017,2017,2,16,1.587,1.251,0.675,3.2402,5.1421974,4.0534902,2.187135
2/17/2017,2017,2,17,1.59,1.253,0.682,3.2928,5.235552,4.1258784,2.2456896
2/18/2017,2017,2,18,1.587,1.25,0.68,3.2884,5.2186908,4.1105,2.236112
2/19/2017,2017,2,19,1.59,1.25,0.675,3.2884,5.228556,4.1105,2.21967
2/20/2017,2017,2,20,1.59,1.253,0.686,3.2884,5.228556,4.1203652,2.2558424
2/21/2017,2017,2,21,1.591,1.255,0.677,3.2623,5.1903193,4.0941865,2.2085771
2/22/2017,2017,2,22,1.589,1.253,0.68,3.2422,5.1518558,4.0624766,2.204696
2/23/2017,2017,2,23,1.588,1.253,0.682,3.2412,5.1470256,4.0612236,2.2104984
2/24/2017,2017,2,24,1.59,1.254,0.687,3.277,5.21043,4.109358,2.251299
2/25/2017,2017,2,25,1.587,1.248,0.689,3.2916,5.2237692,4.1079168,2.2679124
2/26/2017,2017,2,26,1.588,1.249,0.683,3.2916,5.2270608,4.1112084,2.2481628
2/27/2017,2017,2,27,1.59,1.251,0.679,3.2916,5.233644,4.1177916,2.2349964
2/28/2017,2017,2,28,1.589,1.25,0.68,3.281,5.213509,4.10125,2.23108
3/1/2017,2017,3,1,1.588,1.245,0.678,3.2768,5.2035584,4.079616,2.2216704
3/2/2017,2017,3,2,1.584,1.246,0.682,3.2687,5.1776208,4.0728002,2.2292534
3/3/2017,2017,3,3,1.582,1.245,0.688,3.308,5.233256,4.11846,2.275904
3/4/2017,2017,3,4,1.575,1.242,0.684,3.2896,5.18112,4.0856832,2.2500864
3/5/2017,2017,3,5,1.576,1.243,0.686,3.2896,5.1844096,4.0889728,2.2566656
3/6/2017,2017,3,6,1.577,1.245,0.689,3.2896,5.1876992,4.095552,2.2665344
3/7/2017,2017,3,7,1.572,1.245,0.684,3.2974,5.1835128,4.105263,2.2554216
3/8/2017,2017,3,8,1.569,1.243,0.692,3.3151,5.2013919,4.1206693,2.2940492
3/9/2017,2017,3,9,1.568,1.243,0.681,3.3436,5.2427648,4.1560948,2.2769916
3/10/2017,2017,3,10,1.565,1.239,0.685,3.3694,5.273111,4.1746866,2.308039
3/11/2017,2017,3,11,1.56,1.233,0.686,3.3609,5.243004,4.1439897,2.3055774
3/12/2017,2017,3,12,1.561,1.234,0.683,3.3609,5.2463649,4.1473506,2.2954947
3/13/2017,2017,3,13,1.561,1.237,0.685,3.3609,5.2463649,4.1574333,2.3022165
3/14/2017,2017,3,14,1.557,1.232,0.689,3.3591,5.2301187,4.1384112,2.3144199
3/15/2017,2017,3,15,1.552,1.226,0.686,3.3553,5.2074256,4.1135978,2.3017358
3/16/2017,2017,3,16,1.546,1.226,0.673,3.3244,5.1395224,4.0757144,2.2373212
3/17/2017,2017,3,17,1.544,1.226,0.675,3.3342,5.1480048,4.0877292,2.250585
3/18/2017,2017,3,18,1.535,1.219,0.679,3.3416,5.129356,4.0734104,2.2689464
3/19/2017,2017,3,19,1.537,1.218,0.672,3.3416,5.1360392,4.0700688,2.2455552
3/20/2017,2017,3,20,1.539,1.222,0.675,3.3416,5.1427224,4.0834352,2.25558
3/21/2017,2017,3,21,1.533,1.217,0.67,3.3175,5.0857275,4.0373975,2.222725
3/22/2017,2017,3,22,1.53,1.215,0.661,3.3484,5.123052,4.068306,2.2132924
3/23/2017,2017,3,23,1.523,1.209,0.663,3.3608,5.1184984,4.0632072,2.2282104
3/24/2017,2017,3,24,1.522,1.207,0.66,3.3845,5.151209,4.0850915,2.23377
3/25/2017,2017,3,25,1.522,1.203,0.665,3.398,5.171756,4.087794,2.25967
3/26/2017,2017,3,26,1.524,1.205,0.656,3.398,5.178552,4.09459,2.229088
3/27/2017,2017,3,27,1.525,1.207,0.655,3.398,5.18195,4.101386,2.22569
3/28/2017,2017,3,28,1.53,1.203,0.655,3.3947,5.193891,4.0838241,2.2235285
3/29/2017,2017,3,29,1.529,1.197,0.646,3.3666,5.1475314,4.0298202,2.1748236
3/30/2017,2017,3,30,1.533,1.199,0.646,3.3555,5.1439815,4.0232445,2.167653
3/31/2017,2017,3,31,1.541,1.204,0.649,3.38,5.20858,4.06952,2.19362
4/1/2017,2017,4,1,1.547,1.205,0.651,3.3314,5.1536758,4.014337,2.1687414
4/2/2017,2017,4,2,1.549,1.206,0.638,3.3314,5.1603386,4.0176684,2.1254332
4/3/2017,2017,4,3,1.551,1.209,0.643,3.3314,5.1670014,4.0276626,2.1420902
4/4/2017,2017,4,4,1.56,1.215,0.645,3.3395,5.20962,4.0574925,2.1539775
4/5/2017,2017,4,5,1.562,1.214,0.646,3.2974,5.1505388,4.0030436,2.1301204
4/6/2017,2017,4,6,1.567,1.222,0.644,3.3232,5.2074544,4.0609504,2.1401408
4/7/2017,2017,4,7,1.571,1.224,0.645,3.3349,5.2391279,4.0819176,2.1510105
4/8/2017,2017,4,8,1.577,1.228,0.637,3.3175,5.2316975,4.07389,2.1132475
4/9/2017,2017,4,9,1.575,1.226,0.641,3.3175,5.2250625,4.067255,2.1265175
4/10/2017,2017,4,10,1.581,1.232,0.641,3.3175,5.2449675,4.08716,2.1265175
4/11/2017,2017,4,11,1.589,1.24,0.631,3.3241,5.2819949,4.121884,2.0975071
4/12/2017,2017,4,12,1.591,1.243,0.63,3.333,5.302803,4.142919,2.09979
4/13/2017,2017,4,13,1.595,1.249,0.631,3.3277,5.3076815,4.1562973,2.0997787
4/14/2017,2017,4,14,1.599,1.253,0.632,3.3194,5.3077206,4.1592082,2.0978608
4/15/2017,2017,4,15,1.597,1.25,0.628,3.3194,5.3010818,4.14925,2.0845832
4/16/2017,2017,4,16,1.597,1.247,0.636,3.3194,5.3010818,4.1392918,2.1111384
4/17/2017,2017,4,17,1.6,1.252,0.63,3.3194,5.31104,4.1558888,2.091222
4/18/2017,2017,4,18,1.6,1.253,0.629,3.3194,5.31104,4.1592082,2.0879026
4/19/2017,2017,4,19,1.6,1.252,0.632,3.3368,5.33888,4.1776736,2.1088576
4/20/2017,2017,4,20,1.596,1.253,0.631,3.377,5.389692,4.231381,2.130887
4/21/2017,2017,4,21,1.597,1.253,0.631,3.3683,5.3791751,4.2204799,2.1253973
4/22/2017,2017,4,22,1.592,1.246,0.632,3.3903,5.3973576,4.2243138,2.1426696
4/23/2017,2017,4,23,1.593,1.247,0.625,3.3903,5.4007479,4.2277041,2.1189375
4/24/2017,2017,4,24,1.595,1.249,0.634,3.3903,5.4075285,4.2344847,2.1494502
4/25/2017,2017,4,25,1.586,1.242,0.62,3.4329,5.4445794,4.2636618,2.128398
4/26/2017,2017,4,26,1.576,1.231,0.616,3.4521,5.4405096,4.2495351,2.1264936
4/27/2017,2017,4,27,1.565,1.22,0.616,3.4387,5.3815655,4.195214,2.1182392
4/28/2017,2017,4,28,1.566,1.219,0.608,3.4718,5.4368388,4.2321242,2.1108544
4/29/2017,2017,4,29,1.56,1.212,0.607,3.4585,5.39526,4.191702,2.0993095
4/30/2017,2017,4,30,1.558,1.208,0.608,3.4585,5.388343,4.177868,2.102768
5/1/2017,2017,5,1,1.562,1.214,0.608,3.4585,5.402177,4.198619,2.102768
5/2/2017,2017,5,2,1.555,1.206,0.604,3.4585,5.3779675,4.170951,2.088934
5/3/2017,2017,5,3,1.55,1.198,0.596,3.4424,5.33572,4.1239952,2.0516704
5/4/2017,2017,5,4,1.543,1.193,0.596,3.4822,5.3730346,4.1542646,2.0753912
5/5/2017,2017,5,5,1.542,1.189,0.592,3.4917,5.3842014,4.1516313,2.0670864
5/6/2017,2017,5,6,1.533,1.179,0.587,3.4896,5.3495568,4.1142384,2.0483952
5/7/2017,2017,5,7,1.535,1.18,0.577,3.4896,5.356536,4.117728,2.0134992
5/8/2017,2017,5,8,1.535,1.182,0.584,3.4896,5.356536,4.1247072,2.0379264
5/9/2017,2017,5,9,1.533,1.179,0.59,3.473,5.324109,4.094667,2.04907
5/10/2017,2017,5,10,1.531,1.178,0.584,3.444,5.272764,4.057032,2.011296
5/11/2017,2017,5,11,1.531,1.177,0.584,3.4363,5.2609753,4.0445251,2.0067992
5/12/2017,2017,5,12,1.535,1.185,0.578,3.4227,5.2538445,4.0558995,1.9783206
5/13/2017,2017,5,13,1.535,1.183,0.581,3.4065,5.2289775,4.0298895,1.9791765
5/14/2017,2017,5,14,1.534,1.181,0.583,3.4065,5.225571,4.0230765,1.9859895
5/15/2017,2017,5,15,1.538,1.187,0.589,3.4065,5.239197,4.0435155,2.0064285
5/16/2017,2017,5,16,1.542,1.191,0.586,3.4316,5.2915272,4.0870356,2.0109176
5/17/2017,2017,5,17,1.543,1.188,0.583,3.4446,5.3150178,4.0921848,2.0082018
5/18/2017,2017,5,18,1.541,1.188,0.583,3.4888,5.3762408,4.1446944,2.0339704
5/19/2017,2017,5,19,1.543,1.189,0.58,3.7227,5.7441261,4.4262903,2.159166
5/20/2017,2017,5,20,1.54,1.19,0.582,3.7029,5.702466,4.406451,2.1550878
5/21/2017,2017,5,21,1.542,1.191,0.583,3.7029,5.7098718,4.4101539,2.1587907
5/22/2017,2017,5,22,1.542,1.194,0.584,3.7029,5.7098718,4.4212626,2.1624936
5/23/2017,2017,5,23,1.541,1.191,0.587,3.6718,5.6582438,4.3731138,2.1553466
5/24/2017,2017,5,24,1.545,1.196,0.583,3.6442,5.630289,4.3584632,2.1245686
5/25/2017,2017,5,25,1.548,1.2,0.581,3.666,5.674968,4.3992,2.129946
5/26/2017,2017,5,26,1.549,1.202,0.578,3.6609,5.6707341,4.4004018,2.1160002
5/27/2017,2017,5,27,1.544,1.196,0.585,3.6538,5.6414672,4.3699448,2.137473
5/28/2017,2017,5,28,1.543,1.193,0.581,3.6538,5.6378134,4.3589834,2.1228578
5/29/2017,2017,5,29,1.546,1.199,0.588,3.6538,5.6487748,4.3809062,2.1484344
5/30/2017,2017,5,30,1.543,1.197,0.586,3.6509,5.6333387,4.3701273,2.1394274
5/31/2017,2017,5,31,1.541,1.195,0.585,3.6485,5.6223385,4.3599575,2.1343725
6/1/2017,2017,6,1,1.54,1.191,0.584,3.6135,5.56479,4.3036785,2.110284
6/2/2017,2017,6,2,1.541,1.188,0.592,3.6308,5.5950628,4.3133904,2.1494336
6/3/2017,2017,6,3,1.537,1.18,0.592,3.666,5.634642,4.32588,2.170272
6/4/2017,2017,6,4,1.538,1.181,0.585,3.666,5.638308,4.329546,2.14461
6/5/2017,2017,6,5,1.539,1.181,0.587,3.666,5.641974,4.329546,2.151942
6/6/2017,2017,6,6,1.539,1.183,0.584,3.7117,5.7123063,4.3909411,2.1676328
6/7/2017,2017,6,7,1.532,1.175,0.588,3.6694,5.6215208,4.311545,2.1576072
6/8/2017,2017,6,8,1.531,1.171,0.583,3.6852,5.6420412,4.3153692,2.1484716
6/9/2017,2017,6,9,1.528,1.167,0.581,3.6476,5.5735328,4.2567492,2.1192556
6/10/2017,2017,6,10,1.524,1.16,0.586,3.684,5.614416,4.27344,2.158824
6/11/2017,2017,6,11,1.522,1.158,0.579,3.684,5.607048,4.266072,2.133036
6/12/2017,2017,6,12,1.526,1.164,0.582,3.684,5.621784,4.288176,2.144088
6/13/2017,2017,6,13,1.525,1.162,0.58,3.7045,5.6493625,4.304629,2.14861
6/14/2017,2017,6,14,1.524,1.159,0.584,3.7027,5.6429148,4.2914293,2.1623768
6/15/2017,2017,6,15,1.522,1.16,0.584,3.6559,5.5642798,4.240844,2.1350456
6/16/2017,2017,6,16,1.524,1.161,0.589,3.6681,5.5901844,4.2586641,2.1605109
6/17/2017,2017,6,17,1.519,1.157,0.578,3.6957,5.6137683,4.2759249,2.1361146
6/18/2017,2017,6,18,1.522,1.16,0.578,3.6957,5.6248554,4.287012,2.1361146
6/19/2017,2017,6,19,1.521,1.162,0.584,3.6957,5.6211597,4.2944034,2.1582888
6/20/2017,2017,6,20,1.521,1.162,0.584,3.6845,5.6041245,4.281389,2.151748
6/21/2017,2017,6,21,1.517,1.156,0.576,3.7028,5.6171476,4.2804368,2.1328128
6/22/2017,2017,6,22,1.508,1.151,0.574,3.7164,5.6043312,4.2775764,2.1332136
6/23/2017,2017,6,23,1.505,1.147,0.579,3.7293,5.6125965,4.2775071,2.1592647
6/24/2017,2017,6,24,1.5,1.141,0.575,3.7259,5.58885,4.2512519,2.1423925
6/25/2017,2017,6,25,1.499,1.139,0.577,3.7259,5.5851241,4.2438001,2.1498443
6/26/2017,2017,6,26,1.503,1.146,0.573,3.7259,5.6000277,4.2698814,2.1349407
6/27/2017,2017,6,27,1.503,1.144,0.576,3.7216,5.5935648,4.2575104,2.1436416
6/28/2017,2017,6,28,1.501,1.142,0.568,3.7632,5.6485632,4.2975744,2.1374976
6/29/2017,2017,6,29,1.5,1.145,0.571,3.7476,5.6214,4.291002,2.1398796
6/30/2017,2017,6,30,1.504,1.152,0.568,3.76,5.65504,4.33152,2.13568
7/1/2017,2017,7,1,1.501,1.15,0.57,3.7737,5.6643237,4.339755,2.151009
7/2/2017,2017,7,2,1.503,1.153,0.571,3.7737,5.6718711,4.3510761,2.1547827
7/3/2017,2017,7,3,1.505,1.155,0.569,3.7737,5.6794185,4.3586235,2.1472353
7/4/2017,2017,7,4,1.509,1.16,0.57,3.7503,5.6592027,4.350348,2.137671
7/5/2017,2017,7,5,1.511,1.165,0.567,3.7545,5.6730495,4.3739925,2.1288015
7/6/2017,2017,7,6,1.511,1.167,0.57,3.7639,5.6872529,4.3924713,2.145423
7/7/2017,2017,7,7,1.513,1.169,0.565,3.7587,5.6869131,4.3939203,2.1236655
7/8/2017,2017,7,8,1.509,1.162,0.566,3.7292,5.6273628,4.3333304,2.1107272
7/9/2017,2017,7,9,1.508,1.16,0.561,3.7292,5.6236336,4.325872,2.0920812
7/10/2017,2017,7,10,1.512,1.165,0.562,3.7292,5.6385504,4.344518,2.0958104
7/11/2017,2017,7,11,1.509,1.161,0.56,3.7258,5.6222322,4.3256538,2.086448
7/12/2017,2017,7,12,1.504,1.156,0.558,3.6997,5.5643488,4.2768532,2.0644326
7/13/2017,2017,7,13,1.501,1.16,0.562,3.6733,5.5136233,4.261028,2.0643946
7/14/2017,2017,7,14,1.506,1.164,0.559,3.6599,5.5118094,4.2601236,2.0458841
7/15/2017,2017,7,15,1.503,1.165,0.554,3.6437,5.4764811,4.2449105,2.0186098
7/16/2017,2017,7,16,1.503,1.163,0.554,3.6437,5.4764811,4.2376231,2.0186098
7/17/2017,2017,7,17,1.506,1.17,0.562,3.6437,5.4874122,4.263129,2.0477594
7/18/2017,2017,7,18,1.511,1.173,0.556,3.6623,5.5337353,4.2958779,2.0362388
7/19/2017,2017,7,19,1.511,1.172,0.552,3.6432,5.5048752,4.2698304,2.0110464
7/20/2017,2017,7,20,1.511,1.172,0.558,3.6166,5.4646826,4.2386552,2.0180628
7/21/2017,2017,7,21,1.519,1.182,0.557,3.6225,5.5025775,4.281795,2.0177325
7/22/2017,2017,7,22,1.518,1.179,0.559,3.6543,5.5472274,4.3084197,2.0427537
7/23/2017,2017,7,23,1.52,1.182,0.555,3.6543,5.554536,4.3193826,2.0281365
7/24/2017,2017,7,24,1.522,1.184,0.555,3.6543,5.5618446,4.3266912,2.0281365
7/25/2017,2017,7,25,1.522,1.183,0.557,3.6755,5.594111,4.3481165,2.0472535
7/26/2017,2017,7,26,1.516,1.177,0.565,3.6806,5.5797896,4.3320662,2.079539
7/27/2017,2017,7,27,1.513,1.175,0.561,3.6836,5.5732868,4.32823,2.0664996
7/28/2017,2017,7,28,1.515,1.182,0.565,3.7015,5.6077725,4.375173,2.0913475
7/29/2017,2017,7,29,1.518,1.182,0.568,3.6764,5.5807752,4.3455048,2.0881952
7/30/2017,2017,7,30,1.519,1.181,0.558,3.6764,5.5844516,4.3418284,2.0514312
7/31/2017,2017,7,31,1.522,1.187,0.558,3.6764,5.5954808,4.3638868,2.0514312
8/1/2017,2017,8,1,1.529,1.192,0.567,3.688,5.638952,4.396096,2.091096
8/2/2017,2017,8,2,1.531,1.192,0.574,3.6995,5.6639345,4.409804,2.123513
8/3/2017,2017,8,3,1.529,1.192,0.567,3.7017,5.6598993,4.4124264,2.0988639
8/4/2017,2017,8,4,1.531,1.194,0.57,3.6911,5.6510741,4.4071734,2.103927
8/5/2017,2017,8,5,1.528,1.19,0.572,3.6878,5.6349584,4.388482,2.1094216
8/6/2017,2017,8,6,1.53,1.191,0.571,3.6878,5.642334,4.3921698,2.1057338
8/7/2017,2017,8,7,1.53,1.195,0.57,3.6878,5.642334,4.406921,2.102046
8/8/2017,2017,8,8,1.532,1.194,0.58,3.6918,5.6558376,4.4080092,2.141244
8/9/2017,2017,8,9,1.531,1.193,0.584,3.6793,5.6330083,4.3894049,2.1487112
8/10/2017,2017,8,10,1.53,1.192,0.581,3.7024,5.664672,4.4132608,2.1510944
8/11/2017,2017,8,11,1.533,1.198,0.585,3.7378,5.7300474,4.4778844,2.186613
8/12/2017,2017,8,12,1.531,1.197,0.582,3.7517,5.7438527,4.4907849,2.1834894
8/13/2017,2017,8,13,1.533,1.198,0.588,3.7517,5.7513561,4.4945366,2.2059996
8/14/2017,2017,8,14,1.534,1.2,0.591,3.7517,5.7551078,4.50204,2.2172547
8/15/2017,2017,8,15,1.533,1.198,0.585,3.754,5.754882,4.497292,2.19609
8/16/2017,2017,8,16,1.527,1.191,0.585,3.7129,5.6695983,4.4220639,2.1720465
8/17/2017,2017,8,17,1.523,1.187,0.589,3.6986,5.6329678,4.3902382,2.1784754
8/18/2017,2017,8,18,1.523,1.186,0.586,3.7185,5.6632755,4.410141,2.179041
8/19/2017,2017,8,19,1.519,1.18,0.593,3.7042,5.6266798,4.370956,2.1965906
8/20/2017,2017,8,20,1.521,1.182,0.595,3.7042,5.6340882,4.3783644,2.203999
8/21/2017,2017,8,21,1.522,1.185,0.589,3.7042,5.6377924,4.389477,2.1817738
8/22/2017,2017,8,22,1.524,1.185,0.591,3.7102,5.6543448,4.396587,2.1927282
8/23/2017,2017,8,23,1.524,1.183,0.588,3.7314,5.6866536,4.4142462,2.1940632
8/24/2017,2017,8,24,1.523,1.184,0.593,3.7113,5.6523099,4.3941792,2.2008009
8/25/2017,2017,8,25,1.531,1.191,0.597,3.7045,5.6715895,4.4120595,2.2115865
8/26/2017,2017,8,26,1.535,1.191,0.6,3.7568,5.766688,4.4743488,2.25408
8/27/2017,2017,8,27,1.534,1.189,0.597,3.7568,5.7629312,4.4668352,2.2428096
8/28/2017,2017,8,28,1.538,1.195,0.597,3.7568,5.7779584,4.489376,2.2428096
8/29/2017,2017,8,29,1.541,1.196,0.596,3.8106,5.8721346,4.5574776,2.2711176
8/30/2017,2017,8,30,1.539,1.194,0.6,3.7768,5.8124952,4.5094992,2.26608
8/31/2017,2017,8,31,1.539,1.194,0.6,3.741,5.757399,4.466754,2.2446
9/1/2017,2017,9,1,1.551,1.196,0.598,3.7423,5.8043073,4.4757908,2.2378954
9/2/2017,2017,9,2,1.559,1.197,0.611,3.7379,5.8273861,4.4742663,2.2838569
9/3/2017,2017,9,3,1.559,1.195,0.603,3.7379,5.8273861,4.4667905,2.2539537
9/4/2017,2017,9,4,1.565,1.202,0.611,3.7379,5.8498135,4.4929558,2.2838569
9/5/2017,2017,9,5,1.567,1.204,0.608,3.707,5.808869,4.463228,2.253856
9/6/2017,2017,9,6,1.564,1.203,0.609,3.7145,5.809478,4.4685435,2.2621305
9/7/2017,2017,9,7,1.568,1.208,0.613,3.7098,5.8169664,4.4814384,2.2741074
9/8/2017,2017,9,8,1.577,1.219,0.614,3.7256,5.8752712,4.5415064,2.2875184
9/9/2017,2017,9,9,1.576,1.217,0.623,3.7057,5.8401832,4.5098369,2.3086511
9/10/2017,2017,9,10,1.578,1.22,0.61,3.7057,5.8475946,4.520954,2.260477
9/11/2017,2017,9,11,1.58,1.222,0.612,3.7057,5.855006,4.5283654,2.2678884
9/12/2017,2017,9,12,1.578,1.222,0.616,3.7117,5.8570626,4.5356974,2.2864072
9/13/2017,2017,9,13,1.57,1.217,0.617,3.7521,5.890797,4.5663057,2.3150457
9/14/2017,2017,9,14,1.564,1.215,0.619,3.7295,5.832938,4.5313425,2.3085605
9/15/2017,2017,9,15,1.565,1.221,0.621,3.7357,5.8463705,4.5612897,2.3198697
9/16/2017,2017,9,16,1.559,1.22,0.624,3.7204,5.8001036,4.538888,2.3215296
9/17/2017,2017,9,17,1.558,1.218,0.63,3.7204,5.7963832,4.5314472,2.343852
9/18/2017,2017,9,18,1.562,1.224,0.625,3.7204,5.8112648,4.5537696,2.32525
9/19/2017,2017,9,19,1.56,1.224,0.625,3.7429,5.838924,4.5813096,2.3393125
9/20/2017,2017,9,20,1.557,1.221,0.635,3.7579,5.8510503,4.5883959,2.3862665
9/21/2017,2017,9,21,1.554,1.222,0.626,3.7353,5.8046562,4.5645366,2.3382978
9/22/2017,2017,9,22,1.555,1.23,0.632,3.7459,5.8248745,4.607457,2.3674088
9/23/2017,2017,9,23,1.551,1.23,0.625,3.7128,5.7585528,4.566744,2.3205
9/24/2017,2017,9,24,1.553,1.231,0.631,3.7128,5.7659784,4.5704568,2.3427768
9/25/2017,2017,9,25,1.554,1.234,0.636,3.7128,5.7696912,4.5815952,2.3613408
9/26/2017,2017,9,26,1.544,1.234,0.632,3.7299,5.7589656,4.6026966,2.3572968
9/27/2017,2017,9,27,1.546,1.24,0.651,3.7357,5.7753922,4.632268,2.4319407
9/28/2017,2017,9,28,1.544,1.246,0.644,3.7484,5.7875296,4.6705064,2.4139696
9/29/2017,2017,9,29,1.544,1.251,0.647,3.7635,5.810844,4.7081385,2.4349845
9/30/2017,2017,9,30,1.539,1.247,0.649,3.7274,5.7364686,4.6480678,2.4190826
10/1/2017,2017,10,1,1.538,1.246,0.647,3.7274,5.7327412,4.6443404,2.4116278
10/2/2017,2017,10,2,1.541,1.251,0.648,3.7274,5.7439234,4.6629774,2.4153552
10/3/2017,2017,10,3,1.538,1.247,0.648,3.7093,5.7049034,4.6254971,2.4036264
10/4/2017,2017,10,4,1.534,1.243,0.656,3.6929,5.6649086,4.5902747,2.4225424
10/5/2017,2017,10,5,1.525,1.237,0.655,3.6772,5.60773,4.5486964,2.408566
10/6/2017,2017,10,6,1.526,1.237,0.655,3.7,5.6462,4.5769,2.4235
10/7/2017,2017,10,7,1.527,1.231,0.66,3.7168,5.6755536,4.5753808,2.453088
10/8/2017,2017,10,8,1.526,1.23,0.649,3.7168,5.6718368,4.571664,2.4122032
10/9/2017,2017,10,9,1.532,1.236,0.656,3.7168,5.6941376,4.5939648,2.4382208
10/10/2017,2017,10,10,1.528,1.233,0.649,3.7378,5.7113584,4.6087074,2.4258322
10/11/2017,2017,10,11,1.524,1.23,0.651,3.7515,5.717286,4.614345,2.4422265
10/12/2017,2017,10,12,1.522,1.23,0.65,3.7654,5.7309388,4.631442,2.44751
10/13/2017,2017,10,13,1.526,1.229,0.648,3.7517,5.7250942,4.6108393,2.4311016
10/14/2017,2017,10,14,1.522,1.223,0.653,3.7304,5.6776688,4.5622792,2.4359512
10/15/2017,2017,10,15,1.523,1.225,0.649,3.7304,5.6813992,4.56974,2.4210296
10/16/2017,2017,10,16,1.525,1.227,0.65,3.7304,5.68886,4.5772008,2.42476
10/17/2017,2017,10,17,1.531,1.236,0.65,3.7358,5.7195098,4.6174488,2.42827
10/18/2017,2017,10,18,1.53,1.24,0.652,3.7199,5.691447,4.612676,2.4253748
10/19/2017,2017,10,19,1.529,1.24,0.647,3.7561,5.7430769,4.657564,2.4301967
10/20/2017,2017,10,20,1.532,1.24,0.656,3.7519,5.7479108,4.652356,2.4612464
10/21/2017,2017,10,21,1.529,1.237,0.653,3.7493,5.7326797,4.6378841,2.4482929
10/22/2017,2017,10,22,1.528,1.236,0.65,3.7493,5.7289304,4.6341348,2.437045
10/23/2017,2017,10,23,1.533,1.241,0.65,3.7493,5.7476769,4.6528813,2.437045
10/24/2017,2017,10,24,1.534,1.241,0.651,3.8022,5.8325748,4.7185302,2.4752322
10/25/2017,2017,10,25,1.534,1.237,0.645,3.8134,5.8497556,4.7171758,2.459643
10/26/2017,2017,10,26,1.534,1.236,0.65,3.803,5.833802,4.700508,2.47195
10/27/2017,2017,10,27,1.542,1.237,0.654,3.8292,5.9046264,4.7367204,2.5042968
10/28/2017,2017,10,28,1.546,1.24,0.652,3.779,5.842334,4.68596,2.463908
10/29/2017,2017,10,29,1.545,1.239,0.655,3.779,5.838555,4.682181,2.475245
10/30/2017,2017,10,30,1.551,1.245,0.65,3.779,5.861229,4.704855,2.45635
10/31/2017,2017,10,31,1.557,1.25,0.661,3.8059,5.9257863,4.757375,2.5156999
11/1/2017,2017,11,1,1.557,1.253,0.662,3.815,5.939955,4.780195,2.52553
11/2/2017,2017,11,2,1.562,1.258,0.664,3.8047,5.9429414,4.7863126,2.5263208
11/3/2017,2017,11,3,1.57,1.261,0.667,3.8012,5.967884,4.7933132,2.5354004
11/4/2017,2017,11,4,1.576,1.259,0.67,3.8174,6.0162224,4.8061066,2.557658
11/5/2017,2017,11,5,1.578,1.261,0.668,3.8174,6.0238572,4.8137414,2.5500232
11/6/2017,2017,11,6,1.581,1.264,0.663,3.8174,6.0353094,4.8251936,2.5309362
11/7/2017,2017,11,7,1.59,1.265,0.678,3.7822,6.013698,4.784483,2.5643316
11/8/2017,2017,11,8,1.597,1.27,0.679,3.7662,6.0146214,4.783074,2.5572498
11/9/2017,2017,11,9,1.598,1.272,0.68,3.7762,6.0343676,4.8033264,2.567816
11/10/2017,2017,11,10,1.601,1.274,0.681,3.8084,6.0972484,4.8519016,2.5935204
11/11/2017,2017,11,11,1.6,1.27,0.686,3.8362,6.13792,4.871974,2.6316332
11/12/2017,2017,11,12,1.601,1.269,0.682,3.8362,6.1417562,4.8681378,2.6162884
11/13/2017,2017,11,13,1.605,1.275,0.686,3.8362,6.157101,4.891155,2.6316332
11/14/2017,2017,11,14,1.606,1.275,0.686,3.8488,6.1811728,4.90722,2.6402768
11/15/2017,2017,11,15,1.604,1.272,0.684,3.849,6.173796,4.895928,2.632716
11/16/2017,2017,11,16,1.597,1.267,0.686,3.8579,6.1610663,4.8879593,2.6465194
11/17/2017,2017,11,17,1.596,1.268,0.681,3.8658,6.1698168,4.9018344,2.6326098
11/18/2017,2017,11,18,1.588,1.26,0.693,3.8388,6.0960144,4.836888,2.6602884
11/19/2017,2017,11,19,1.59,1.262,0.684,3.8388,6.103692,4.8445656,2.6257392
11/20/2017,2017,11,20,1.591,1.264,0.69,3.8388,6.1075308,4.8522432,2.648772
11/21/2017,2017,11,21,1.586,1.262,0.685,3.8207,6.0596302,4.8217234,2.6171795
11/22/2017,2017,11,22,1.583,1.259,0.69,3.8288,6.0609904,4.8204592,2.641872
11/23/2017,2017,11,23,1.578,1.258,0.691,3.8403,6.0599934,4.8310974,2.6536473
11/24/2017,2017,11,24,1.577,1.258,0.69,3.8379,6.0523683,4.8280782,2.648151
11/25/2017,2017,11,25,1.573,1.256,0.69,3.8564,6.0661172,4.8436384,2.660916
11/26/2017,2017,11,26,1.572,1.254,0.681,3.8564,6.0622608,4.8359256,2.6262084
11/27/2017,2017,11,27,1.577,1.261,0.689,3.8564,6.0815428,4.8629204,2.6570596
11/28/2017,2017,11,28,1.573,1.262,0.689,3.8287,6.0225451,4.8318194,2.6379743
11/29/2017,2017,11,29,1.567,1.259,0.693,3.7936,5.9445712,4.7761424,2.6289648
11/30/2017,2017,11,30,1.564,1.259,0.692,3.8668,6.0476752,4.8683012,2.6758256
12/1/2017,2017,12,1,1.566,1.262,0.688,3.8824,6.0798384,4.8995888,2.6710912
12/2/2017,2017,12,2,1.563,1.254,0.699,3.8558,6.0266154,4.8351732,2.6952042
12/3/2017,2017,12,3,1.565,1.256,0.693,3.8558,6.034327,4.8428848,2.6720694
12/4/2017,2017,12,4,1.566,1.259,0.69,3.8558,6.0381828,4.8544522,2.660502
12/5/2017,2017,12,5,1.565,1.258,0.693,3.8192,5.977048,4.8045536,2.6467056
12/6/2017,2017,12,6,1.56,1.251,0.688,3.8193,5.958108,4.7779443,2.6276784
12/7/2017,2017,12,7,1.555,1.248,0.689,3.8824,6.037132,4.8452352,2.6749736
12/8/2017,2017,12,8,1.554,1.247,0.691,3.8435,5.972799,4.7928445,2.6558585
12/9/2017,2017,12,9,1.551,1.246,0.689,3.8654,5.9952354,4.8162884,2.6632606
12/10/2017,2017,12,10,1.554,1.249,0.69,3.8654,6.0068316,4.8278846,2.667126
12/11/2017,2017,12,11,1.555,1.251,0.693,3.8654,6.010697,4.8356154,2.6787222
12/12/2017,2017,12,12,1.557,1.26,0.691,3.9051,6.0802407,4.920426,2.6984241
12/13/2017,2017,12,13,1.563,1.266,0.685,3.8907,6.0811641,4.9256262,2.6651295
12/14/2017,2017,12,14,1.563,1.27,0.689,3.9529,6.1783827,5.020183,2.7235481
12/15/2017,2017,12,15,1.564,1.271,0.691,3.9171,6.1263444,4.9786341,2.7067161
12/16/2017,2017,12,16,1.561,1.267,0.691,3.8734,6.0463774,4.9075978,2.6765194
12/17/2017,2017,12,17,1.56,1.266,0.692,3.8734,6.042504,4.9037244,2.6803928
12/18/2017,2017,12,18,1.565,1.272,0.688,3.8734,6.061871,4.9269648,2.6648992
12/19/2017,2017,12,19,1.565,1.271,0.689,3.8862,6.081903,4.9393602,2.6775918
12/20/2017,2017,12,20,1.563,1.269,0.684,3.8953,6.0883539,4.9431357,2.6643852
12/21/2017,2017,12,21,1.561,1.269,0.691,3.9214,6.1213054,4.9762566,2.7096874
12/22/2017,2017,12,22,1.565,1.272,0.688,3.9349,6.1581185,5.0051928,2.7072112
12/23/2017,2017,12,23,1.563,1.266,0.686,3.9196,6.1263348,4.9622136,2.6888456
12/24/2017,2017,12,24,1.564,1.267,0.692,3.9196,6.1302544,4.9661332,2.7123632
12/25/2017,2017,12,25,1.567,1.27,0.694,3.9196,6.1420132,4.977892,2.7202024
12/26/2017,2017,12,26,1.567,1.269,0.686,3.9196,6.1420132,4.9739724,2.6888456
12/27/2017,2017,12,27,1.564,1.266,0.693,3.9196,6.1302544,4.9622136,2.7162828
12/28/2017,2017,12,28,1.569,1.272,0.691,3.9496,6.1969224,5.0238912,2.7291736
12/29/2017,2017,12,29,1.574,1.277,0.695,3.9729,6.2533446,5.0733933,2.7611655
12/30/2017,2017,12,30,1.572,1.278,0.697,3.9504,6.2100288,5.0486112,2.7534288
12/31/2017,2017,12,31,1.573,1.28,0.698,3.9504,6.2139792,5.056512,2.7573792
1/1/2018,2018,1,1,1.576,1.283,0.69,3.9504,6.2258304,5.0683632,2.725776
1/2/2018,2018,1,2,1.576,1.284,0.702,3.9504,6.2258304,5.0723136,2.7731808
1/3/2018,2018,1,3,1.578,1.286,0.696,3.9236,6.1914408,5.0457496,2.7308256
1/4/2018,2018,1,4,1.576,1.289,0.697,3.906,6.155856,5.034834,2.722482
1/5/2018,2018,1,5,1.58,1.293,0.688,3.9057,6.171006,5.0500701,2.6871216
1/6/2018,2018,1,6,1.578,1.289,0.695,3.8825,6.126585,5.0045425,2.6983375
1/7/2018,2018,1,7,1.58,1.291,0.692,3.8825,6.13435,5.0123075,2.68669
1/8/2018,2018,1,8,1.581,1.294,0.693,3.8825,6.1382325,5.023955,2.6905725
1/9/2018,2018,1,9,1.583,1.294,0.694,3.8571,6.1057893,4.9910874,2.6768274
1/10/2018,2018,1,10,1.584,1.293,0.692,3.8952,6.1699968,5.0364936,2.6954784
1/11/2018,2018,1,11,1.59,1.3,0.698,3.8858,6.178422,5.05154,2.7122884
1/12/2018,2018,1,12,1.598,1.302,0.699,3.8959,6.2256482,5.0724618,2.7232341
1/13/2018,2018,1,13,1.596,1.297,0.7,3.9237,6.2622252,5.0890389,2.74659
1/14/2018,2018,1,14,1.598,1.299,0.7,3.9237,6.2700726,5.0968863,2.74659
1/15/2018,2018,1,15,1.6,1.301,0.698,3.9237,6.27792,5.1047337,2.7387426
1/16/2018,2018,1,16,1.599,1.302,0.698,3.9303,6.2845497,5.1172506,2.7433494
1/17/2018,2018,1,17,1.593,1.297,0.695,3.9497,6.2918721,5.1227609,2.7450415
1/18/2018,2018,1,18,1.589,1.293,0.698,3.9321,6.2481069,5.0842053,2.7446058
1/19/2018,2018,1,19,1.59,1.294,0.695,3.9312,6.250608,5.0869728,2.732184
1/20/2018,2018,1,20,1.587,1.287,0.703,3.9083,6.2024721,5.0299821,2.7475349
1/21/2018,2018,1,21,1.589,1.288,0.696,3.9083,6.2102887,5.0338904,2.7201768
1/22/2018,2018,1,22,1.59,1.29,0.696,3.9083,6.214197,5.041707,2.7201768
1/23/2018,2018,1,23,1.586,1.283,0.702,3.9453,6.2572458,5.0618199,2.7696006
1/24/2018,2018,1,24,1.589,1.289,0.698,3.9437,6.2665393,5.0834293,2.7527026
1/25/2018,2018,1,25,1.593,1.29,0.695,3.9063,6.2227359,5.039127,2.7148785
1/26/2018,2018,1,26,1.6,1.293,0.699,3.9149,6.26384,5.0619657,2.7365151
1/27/2018,2018,1,27,1.598,1.29,0.695,3.9209,6.2655982,5.057961,2.7250255
1/28/2018,2018,1,28,1.597,1.29,0.688,3.9209,6.2616773,5.057961,2.6975792
1/29/2018,2018,1,29,1.602,1.295,0.698,3.9209,6.2812818,5.0775655,2.7367882
1/30/2018,2018,1,30,1.601,1.296,0.694,3.928,6.288728,5.090688,2.726032
1/31/2018,2018,1,31,1.598,1.29,0.692,3.9368,6.2910064,5.078472,2.7242656
2/1/2018,2018,2,1,1.592,1.286,0.688,3.9488,6.2864896,5.0781568,2.7167744
2/2/2018,2018,2,2,1.595,1.286,0.69,3.9993,6.3788835,5.1430998,2.759517
2/3/2018,2018,2,3,1.594,1.279,0.697,4.0174,6.4037356,5.1382546,2.8001278
2/4/2018,2018,2,4,1.596,1.281,0.681,4.0174,6.4117704,5.1462894,2.7358494
2/5/2018,2018,2,5,1.597,1.283,0.688,4.0174,6.4157878,5.1543242,2.7639712
2/6/2018,2018,2,6,1.596,1.28,0.684,4.0381,6.4448076,5.168768,2.7620604
2/7/2018,2018,2,7,1.59,1.274,0.679,4.007,6.37113,5.104918,2.720753
2/8/2018,2018,2,8,1.583,1.268,0.679,4.0034,6.3373822,5.0763112,2.7183086
2/9/2018,2018,2,9,1.579,1.262,0.672,4.0244,6.3545276,5.0787928,2.7043968
2/10/2018,2018,2,10,1.57,1.252,0.676,4.0415,6.345155,5.059958,2.732054
2/11/2018,2018,2,11,1.571,1.253,0.669,4.0415,6.3491965,5.0639995,2.7037635
2/12/2018,2018,2,12,1.572,1.254,0.674,4.0415,6.353238,5.068041,2.723971
2/13/2018,2018,2,13,1.567,1.249,0.673,4.0642,6.3686014,5.0761858,2.7352066
2/14/2018,2018,2,14,1.557,1.239,0.662,4.0525,6.3097425,5.0210475,2.682755
2/15/2018,2018,2,15,1.549,1.232,0.659,4.0254,6.2353446,4.9592928,2.6527386
2/16/2018,2018,2,16,1.55,1.233,0.66,4.0314,6.24867,4.9707162,2.660724
2/17/2018,2018,2,17,1.546,1.23,0.663,4.0126,6.2034796,4.935498,2.6603538
2/18/2018,2018,2,18,1.548,1.23,0.653,4.0126,6.2115048,4.935498,2.6202278
2/19/2018,2018,2,19,1.548,1.232,0.652,4.0126,6.2115048,4.9435232,2.6162152
2/20/2018,2018,2,20,1.549,1.235,0.665,4.0114,6.2136586,4.954079,2.667581
2/21/2018,2018,2,21,1.55,1.235,0.659,4.008,6.2124,4.94988,2.641272
2/22/2018,2018,2,22,1.55,1.236,0.655,4.0149,6.223095,4.9624164,2.6297595
2/23/2018,2018,2,23,1.551,1.243,0.658,3.9875,6.1846125,4.9564625,2.623775
2/24/2018,2018,2,24,1.55,1.245,0.653,3.9857,6.177835,4.9621965,2.6026621
2/25/2018,2018,2,25,1.549,1.244,0.646,3.9857,6.1738493,4.9582108,2.5747622
2/26/2018,2018,2,26,1.554,1.25,0.647,3.9857,6.1937778,4.982125,2.5787479
2/27/2018,2018,2,27,1.553,1.257,0.649,3.9831,6.1857543,5.0067567,2.5850319
2/28/2018,2018,2,28,1.555,1.261,0.652,3.9615,6.1601325,4.9954515,2.582898
3/1/2018,2018,3,1,1.559,1.262,0.65,3.974,6.195466,5.015188,2.5831
3/2/2018,2018,3,2,1.56,1.26,0.653,4.0096,6.254976,5.052096,2.6182688
3/3/2018,2018,3,3,1.553,1.252,0.658,4.0096,6.2269088,5.0200192,2.6383168
3/4/2018,2018,3,4,1.554,1.253,0.644,4.0096,6.2309184,5.0240288,2.5821824
3/5/2018,2018,3,5,1.555,1.256,0.65,4.0096,6.234928,5.0360576,2.60624
3/6/2018,2018,3,6,1.55,1.253,0.653,3.9927,6.188685,5.0028531,2.6072331
3/7/2018,2018,3,7,1.545,1.25,0.645,4.0094,6.194523,5.01175,2.586063
3/8/2018,2018,3,8,1.54,1.248,0.65,4.0261,6.200194,5.0245728,2.616965
3/9/2018,2018,3,9,1.537,1.246,0.649,4.01,6.16337,4.99646,2.60249
3/10/2018,2018,3,10,1.531,1.24,0.663,4.0087,6.1373197,4.970788,2.6577681
3/11/2018,2018,3,11,1.533,1.241,0.639,4.0087,6.1453371,4.9747967,2.5615593
3/12/2018,2018,3,12,1.534,1.244,0.654,4.0087,6.1493458,4.9868228,2.6216898
3/13/2018,2018,3,13,1.534,1.245,0.652,4.0142,6.1577828,4.997679,2.6172584
3/14/2018,2018,3,14,1.531,1.242,0.648,4.0244,6.1613564,4.9983048,2.6078112
3/15/2018,2018,3,15,1.528,1.241,0.652,4.0579,6.2004712,5.0358539,2.6457508
3/16/2018,2018,3,16,1.53,1.248,0.648,4.0464,6.190992,5.0499072,2.6220672
3/17/2018,2018,3,17,1.528,1.246,0.65,4.0567,6.1986376,5.0546482,2.636855
3/18/2018,2018,3,18,1.531,1.249,0.651,4.0567,6.2108077,5.0668183,2.6409117
3/19/2018,2018,3,19,1.531,1.251,0.653,4.0567,6.2108077,5.0749317,2.6490251
3/20/2018,2018,3,20,1.538,1.257,0.656,4.041,6.215058,5.079537,2.650896
3/21/2018,2018,3,21,1.538,1.264,0.658,4.0552,6.2368976,5.1257728,2.6683216
3/22/2018,2018,3,22,1.543,1.273,0.656,4.0666,6.2747638,5.1767818,2.6676896
3/23/2018,2018,3,23,1.549,1.28,0.658,4.0726,6.3084574,5.212928,2.6797708
3/24/2018,2018,3,24,1.546,1.275,0.659,4.0932,6.3280872,5.21883,2.6974188
3/25/2018,2018,3,25,1.546,1.275,0.656,4.0932,6.3280872,5.21883,2.6851392
3/26/2018,2018,3,26,1.55,1.28,0.663,4.0932,6.34446,5.239296,2.7137916
3/27/2018,2018,3,27,1.555,1.286,0.656,4.1051,6.3834305,5.2791586,2.6929456
3/28/2018,2018,3,28,1.558,1.287,0.654,4.1264,6.4289312,5.3106768,2.6986656
3/29/2018,2018,3,29,1.562,1.288,0.66,4.0938,6.3945156,5.2728144,2.701908
3/30/2018,2018,3,30,1.573,1.288,0.659,4.0742,6.4087166,5.2475696,2.6848978
3/31/2018,2018,3,31,1.576,1.285,0.666,4.0742,6.4209392,5.235347,2.7134172
4/1/2018,2018,4,1,1.582,1.288,0.663,4.0742,6.4453844,5.2475696,2.7011946
4/2/2018,2018,4,2,1.582,1.289,0.658,4.0742,6.4453844,5.2516438,2.6808236
4/3/2018,2018,4,3,1.583,1.29,0.665,4.0742,6.4494586,5.255718,2.709343
4/4/2018,2018,4,4,1.587,1.288,0.654,4.1316,6.5568492,5.3215008,2.7020664
4/5/2018,2018,4,5,1.586,1.284,0.66,4.0452,6.4156872,5.1940368,2.669832
4/6/2018,2018,4,6,1.591,1.284,0.66,4.1111,6.5407601,5.2786524,2.713326
4/7/2018,2018,4,7,1.591,1.278,0.666,4.149,6.601059,5.302422,2.763234
4/8/2018,2018,4,8,1.591,1.278,0.658,4.149,6.601059,5.302422,2.730042
4/9/2018,2018,4,9,1.596,1.283,0.661,4.149,6.621804,5.323167,2.742489
4/10/2018,2018,4,10,1.596,1.283,0.661,4.206,6.712776,5.396298,2.780166
4/11/2018,2018,4,11,1.598,1.286,0.66,4.2333,6.7648134,5.4440238,2.793978
4/12/2018,2018,4,12,1.602,1.295,0.667,4.1482,6.6454164,5.371919,2.7668494
4/13/2018,2018,4,13,1.613,1.304,0.663,4.1979,6.7712127,5.4740616,2.7832077
4/14/2018,2018,4,14,1.612,1.304,0.655,4.23,6.81876,5.51592,2.77065
4/15/2018,2018,4,15,1.611,1.302,0.66,4.23,6.81453,5.50746,2.7918
4/16/2018,2018,4,16,1.616,1.309,0.663,4.23,6.83568,5.53707,2.80449
4/17/2018,2018,4,17,1.615,1.308,0.665,4.2158,6.808517,5.5142664,2.803507
4/18/2018,2018,4,18,1.61,1.302,0.656,4.2047,6.769567,5.4745194,2.7582832
4/19/2018,2018,4,19,1.609,1.301,0.662,4.1925,6.7457325,5.4544425,2.775435
4/20/2018,2018,4,20,1.616,1.308,0.666,4.1892,6.7697472,5.4794736,2.7900072
4/21/2018,2018,4,21,1.616,1.307,0.662,4.1981,6.7841296,5.4869167,2.7791422
4/22/2018,2018,4,22,1.618,1.31,0.667,4.1981,6.7925258,5.499511,2.8001327
4/23/2018,2018,4,23,1.62,1.312,0.66,4.1981,6.800922,5.5079072,2.770746
4/24/2018,2018,4,24,1.62,1.312,0.663,4.2085,6.81777,5.521552,2.7902355
4/25/2018,2018,4,25,1.626,1.316,0.67,4.2705,6.943833,5.619978,2.861235
4/26/2018,2018,4,26,1.629,1.319,0.67,4.2322,6.8942538,5.5822718,2.835574
4/27/2018,2018,4,27,1.634,1.324,0.674,4.1992,6.8614928,5.5597408,2.8302608
4/28/2018,2018,4,28,1.633,1.325,0.67,4.1932,6.8474956,5.55599,2.809444
4/29/2018,2018,4,29,1.634,1.324,0.663,4.1932,6.8516888,5.5517968,2.7800916
4/30/2018,2018,4,30,1.639,1.328,0.665,4.1932,6.8726548,5.5685696,2.788478
5/1/2018,2018,5,1,1.639,1.33,0.674,4.2293,6.9318227,5.624969,2.8505482
5/2/2018,2018,5,2,1.638,1.328,0.667,4.2293,6.9275934,5.6165104,2.8209431
5/3/2018,2018,5,3,1.637,1.328,0.673,4.2367,6.9354779,5.6263376,2.8512991
5/4/2018,2018,5,4,1.639,1.329,0.668,4.2446,6.9568994,5.6410734,2.8353928
5/5/2018,2018,5,5,1.635,1.325,0.671,4.2162,6.893487,5.586465,2.8290702
5/6/2018,2018,5,6,1.638,1.326,0.666,4.2162,6.9061356,5.5906812,2.8079892
5/7/2018,2018,5,7,1.639,1.33,0.674,4.2162,6.9103518,5.607546,2.8417188
5/8/2018,2018,5,8,1.644,1.335,0.67,4.2233,6.9431052,5.6381055,2.829611
5/9/2018,2018,5,9,1.648,1.339,0.669,4.2451,6.9959248,5.6841889,2.8399719
5/10/2018,2018,5,10,1.655,1.344,0.669,4.2464,7.027792,5.7071616,2.8408416
5/11/2018,2018,5,11,1.657,1.348,0.67,4.2486,7.0399302,5.7271128,2.846562
5/12/2018,2018,5,12,1.661,1.352,0.682,4.2927,7.1301747,5.8037304,2.9276214
5/13/2018,2018,5,13,1.662,1.352,0.672,4.2927,7.1344674,5.8037304,2.8846944
5/14/2018,2018,5,14,1.665,1.356,0.67,4.2927,7.1473455,5.8209012,2.876109
5/15/2018,2018,5,15,1.668,1.359,0.675,4.3439,7.2456252,5.9033601,2.9321325
5/16/2018,2018,5,16,1.673,1.363,0.673,4.3294,7.2430862,5.9009722,2.9136862
5/17/2018,2018,5,17,1.677,1.368,0.671,4.3286,7.2590622,5.9215248,2.9044906
5/18/2018,2018,5,18,1.684,1.377,0.681,4.3831,7.3811404,6.0355287,2.9848911
5/19/2018,2018,5,19,1.684,1.377,0.685,4.3714,7.3614376,6.0194178,2.994409
5/20/2018,2018,5,20,1.687,1.38,0.686,4.3714,7.3745518,6.032532,2.9987804
5/21/2018,2018,5,21,1.688,1.381,0.676,4.3714,7.3789232,6.0369034,2.9550664
5/22/2018,2018,5,22,1.689,1.381,0.679,4.317,7.291413,5.961777,2.931243
5/23/2018,2018,5,23,1.688,1.38,0.681,4.304,7.265152,5.93952,2.931024
5/24/2018,2018,5,24,1.688,1.385,0.678,4.2794,7.2236272,5.926969,2.9014332
5/25/2018,2018,5,25,1.69,1.389,0.681,4.2554,7.191626,5.9107506,2.8979274
5/26/2018,2018,5,26,1.687,1.385,0.681,4.2953,7.2461711,5.9489905,2.9250993
5/27/2018,2018,5,27,1.688,1.385,0.679,4.2953,7.2504664,5.9489905,2.9165087
5/28/2018,2018,5,28,1.689,1.387,0.679,4.2953,7.2547617,5.9575811,2.9165087
5/29/2018,2018,5,29,1.688,1.383,0.677,4.3415,7.328452,6.0042945,2.9391955
5/30/2018,2018,5,30,1.686,1.38,0.682,4.3112,7.2686832,5.949456,2.9402384
5/31/2018,2018,5,31,1.683,1.38,0.681,4.3626,7.3422558,6.020388,2.9709306
6/1/2018,2018,6,1,1.681,1.38,0.684,4.3681,7.3427761,6.027978,2.9877804
6/2/2018,2018,6,2,1.676,1.376,0.693,4.3893,7.3564668,6.0396768,3.0417849
6/3/2018,2018,6,3,1.678,1.377,0.685,4.3893,7.3652454,6.0440661,3.0066705
6/4/2018,2018,6,4,1.68,1.379,0.686,4.3893,7.374024,6.0528447,3.0110598
6/5/2018,2018,6,5,1.675,1.375,0.684,4.3926,7.357605,6.039825,3.0045384
6/6/2018,2018,6,6,1.669,1.368,0.686,4.4924,7.4978156,6.1456032,3.0817864
6/7/2018,2018,6,7,1.668,1.368,0.685,4.5872,7.6514496,6.2752896,3.142232
6/8/2018,2018,6,8,1.663,1.367,0.687,4.5149,7.5082787,6.1718683,3.1017363
6/9/2018,2018,6,9,1.659,1.363,0.687,4.3902,7.2833418,5.9838426,3.0160674
6/10/2018,2018,6,10,1.661,1.363,0.687,4.3902,7.2921222,5.9838426,3.0160674
6/11/2018,2018,6,11,1.664,1.368,0.683,4.3902,7.3052928,6.0057936,2.9985066
6/12/2018,2018,6,12,1.663,1.367,0.676,4.3608,7.2520104,5.9612136,2.9479008
6/13/2018,2018,6,13,1.659,1.365,0.682,4.3587,7.2310833,5.9496255,2.9726334
6/14/2018,2018,6,14,1.654,1.363,0.684,4.3312,7.1638048,5.9034256,2.9625408
6/15/2018,2018,6,15,1.657,1.363,0.683,4.3761,7.2511977,5.9646243,2.9888763
6/16/2018,2018,6,16,1.655,1.358,0.684,4.3472,7.194616,5.9034976,2.9734848
6/17/2018,2018,6,17,1.657,1.36,0.675,4.3472,7.2033104,5.912192,2.93436
6/18/2018,2018,6,18,1.658,1.362,0.681,4.3472,7.2076576,5.9208864,2.9604432
6/19/2018,2018,6,19,1.654,1.357,0.681,4.3536,7.2008544,5.9078352,2.9648016
6/20/2018,2018,6,20,1.651,1.353,0.674,4.3273,7.1443723,5.8548369,2.9166002
6/21/2018,2018,6,21,1.653,1.356,0.676,4.3567,7.2016251,5.9076852,2.9451292
6/22/2018,2018,6,22,1.653,1.356,0.672,4.3617,7.2098901,5.9144652,2.9310624
6/23/2018,2018,6,23,1.648,1.35,0.675,4.4042,7.2581216,5.94567,2.972835
6/24/2018,2018,6,24,1.648,1.35,0.672,4.4042,7.2581216,5.94567,2.9596224
6/25/2018,2018,6,25,1.65,1.353,0.673,4.4042,7.26693,5.9588826,2.9640266
6/26/2018,2018,6,26,1.649,1.352,0.673,4.4051,7.2640099,5.9556952,2.9646323
6/27/2018,2018,6,27,1.648,1.348,0.667,4.4152,7.2762496,5.9516896,2.9449384
6/28/2018,2018,6,28,1.653,1.354,0.675,4.4822,7.4090766,6.0688988,3.025485
6/29/2018,2018,6,29,1.663,1.359,0.681,4.4876,7.4628788,6.0986484,3.0560556
6/30/2018,2018,6,30,1.663,1.357,0.683,4.5227,7.5212501,6.1373039,3.0890041
7/1/2018,2018,7,1,1.666,1.357,0.684,4.5227,7.5348182,6.1373039,3.0935268
7/2/2018,2018,7,2,1.667,1.36,0.679,4.5227,7.5393409,6.150872,3.0709133
7/3/2018,2018,7,3,1.669,1.364,0.679,4.5429,7.5821001,6.1965156,3.0846291
7/4/2018,2018,7,4,1.667,1.365,0.68,4.5346,7.5591782,6.189729,3.083528
7/5/2018,2018,7,5,1.667,1.366,0.683,4.5521,7.5883507,6.2181686,3.1090843
7/6/2018,2018,7,6,1.669,1.367,0.687,4.6279,7.7239651,6.3263393,3.1793673
7/7/2018,2018,7,7,1.662,1.361,0.689,4.5564,7.5727368,6.2012604,3.1393596
7/8/2018,2018,7,8,1.663,1.361,0.68,4.5564,7.5772932,6.2012604,3.098352
7/9/2018,2018,7,9,1.666,1.366,0.687,4.5564,7.5909624,6.2240424,3.1302468
7/10/2018,2018,7,10,1.662,1.363,0.681,4.5513,7.5642606,6.2034219,3.0994353
7/11/2018,2018,7,11,1.664,1.365,0.688,4.4923,7.4751872,6.1319895,3.0907024
7/12/2018,2018,7,12,1.665,1.367,0.692,4.5049,7.5006585,6.1581983,3.1173908
7/13/2018,2018,7,13,1.664,1.365,0.692,4.5373,7.5500672,6.1934145,3.1398116
7/14/2018,2018,7,14,1.657,1.356,0.687,4.509,7.471413,6.114204,3.097683
7/15/2018,2018,7,15,1.658,1.358,0.688,4.509,7.475922,6.123222,3.102192
7/16/2018,2018,7,16,1.658,1.359,0.686,4.509,7.475922,6.127731,3.093174
7/17/2018,2018,7,17,1.653,1.351,0.695,4.5281,7.4849493,6.1174631,3.1470295
7/18/2018,2018,7,18,1.646,1.34,0.689,4.4804,7.3747384,6.003736,3.0869956
7/19/2018,2018,7,19,1.641,1.335,0.693,4.4874,7.3638234,5.990679,3.1097682
7/20/2018,2018,7,20,1.642,1.336,0.694,4.4364,7.2845688,5.9270304,3.0788616
7/21/2018,2018,7,21,1.645,1.337,0.691,4.4322,7.290969,5.9258514,3.0626502
7/22/2018,2018,7,22,1.647,1.338,0.684,4.4322,7.2998334,5.9302836,3.0316248
7/23/2018,2018,7,23,1.649,1.341,0.691,4.4322,7.3086978,5.9435802,3.0626502
7/24/2018,2018,7,24,1.65,1.343,0.689,4.4184,7.29036,5.9339112,3.0442776
7/25/2018,2018,7,25,1.654,1.346,0.685,4.3539,7.2013506,5.8603494,2.9824215
7/26/2018,2018,7,26,1.659,1.351,0.689,4.3523,7.2204657,5.8799573,2.9987347
7/27/2018,2018,7,27,1.669,1.358,0.689,4.3472,7.2554768,5.9034976,2.9952208
7/28/2018,2018,7,28,1.672,1.359,0.696,4.3334,7.2454448,5.8890906,3.0160464
7/29/2018,2018,7,29,1.673,1.359,0.698,4.3334,7.2497782,5.8890906,3.0247132
7/30/2018,2018,7,30,1.676,1.363,0.689,4.3334,7.2627784,5.9064242,2.9857126
7/31/2018,2018,7,31,1.681,1.363,0.692,4.3818,7.3658058,5.9723934,3.0322056
8/1/2018,2018,8,1,1.68,1.359,0.683,4.4028,7.396704,5.9834052,3.0071124
8/2/2018,2018,8,2,1.686,1.351,0.685,4.3906,7.4025516,5.9317006,3.007561
8/3/2018,2018,8,3,1.687,1.349,0.689,4.3394,7.3205678,5.8538506,2.9898466
8/4/2018,2018,8,4,1.685,1.345,0.697,4.2788,7.209778,5.754986,2.9823236
8/5/2018,2018,8,5,1.688,1.347,0.691,4.2788,7.2226144,5.7635436,2.9566508
8/6/2018,2018,8,6,1.688,1.349,0.695,4.2788,7.2226144,5.7721012,2.973766
8/7/2018,2018,8,7,1.686,1.351,0.69,4.3051,7.2583986,5.8161901,2.970519
8/8/2018,2018,8,8,1.684,1.356,0.694,4.3533,7.3309572,5.9030748,3.0211902
8/9/2018,2018,8,9,1.682,1.358,0.693,4.3939,7.3905398,5.9669162,3.0449727
8/10/2018,2018,8,10,1.682,1.357,0.685,4.3904,7.3846528,5.9577728,3.007424
8/11/2018,2018,8,11,1.677,1.35,0.693,4.4554,7.4717058,6.01479,3.0875922
8/12/2018,2018,8,12,1.68,1.352,0.685,4.4554,7.485072,6.0237008,3.051949
8/13/2018,2018,8,13,1.679,1.355,0.693,4.4554,7.4806166,6.037067,3.0875922
8/14/2018,2018,8,14,1.678,1.36,0.686,4.4144,7.4073632,6.003584,3.0282784
8/15/2018,2018,8,15,1.678,1.364,0.691,4.4264,7.4274992,6.0376096,3.0586424
8/16/2018,2018,8,16,1.679,1.366,0.696,4.4228,7.4258812,6.0415448,3.0782688
8/17/2018,2018,8,17,1.681,1.365,0.695,4.5001,7.5646681,6.1426365,3.1275695
8/18/2018,2018,8,18,1.678,1.36,0.699,4.4818,7.5204604,6.095248,3.1327782
8/19/2018,2018,8,19,1.681,1.361,0.687,4.4818,7.5339058,6.0997298,3.0789966
8/20/2018,2018,8,20,1.682,1.363,0.691,4.4818,7.5383876,6.1086934,3.0969238
8/21/2018,2018,8,21,1.68,1.362,0.694,4.5623,7.664664,6.2138526,3.1662362
8/22/2018,2018,8,22,1.677,1.359,0.693,4.6912,7.8671424,6.3753408,3.2510016
8/23/2018,2018,8,23,1.677,1.361,0.69,4.6976,7.8778752,6.3934336,3.241344
8/24/2018,2018,8,24,1.68,1.362,0.698,4.7375,7.959,6.452475,3.306775
8/25/2018,2018,8,25,1.683,1.362,0.69,4.7606,8.0120898,6.4839372,3.284814
8/26/2018,2018,8,26,1.683,1.362,0.687,4.7606,8.0120898,6.4839372,3.2705322
8/27/2018,2018,8,27,1.688,1.367,0.689,4.7606,8.0358928,6.5077402,3.2800534
8/28/2018,2018,8,28,1.69,1.371,0.697,4.7909,8.096621,6.5683239,3.3392573
8/29/2018,2018,8,29,1.688,1.37,0.699,4.8451,8.1785288,6.637787,3.3867249
8/30/2018,2018,8,30,1.685,1.371,0.696,4.8221,8.1252385,6.6110991,3.3561816
8/31/2018,2018,8,31,1.688,1.376,0.697,4.8591,8.2021608,6.6861216,3.3867927
9/1/2018,2018,9,1,1.684,1.374,0.69,4.7859,8.0594556,6.5758266,3.302271
9/2/2018,2018,9,2,1.683,1.375,0.701,4.7859,8.0546697,6.5806125,3.3549159
9/3/2018,2018,9,3,1.687,1.379,0.696,4.7859,8.0738133,6.5997561,3.3309864
9/4/2018,2018,9,4,1.688,1.387,0.698,4.8358,8.1628304,6.7072546,3.3753884
9/5/2018,2018,9,5,1.691,1.393,0.701,4.8364,8.1783524,6.7371052,3.3903164
9/6/2018,2018,9,6,1.688,1.393,0.701,4.7918,8.0885584,6.6749774,3.3590518
9/7/2018,2018,9,7,1.685,1.392,0.702,4.715,7.944775,6.56328,3.30993
9/8/2018,2018,9,8,1.677,1.383,0.708,4.7135,7.9045395,6.5187705,3.337158
9/9/2018,2018,9,9,1.68,1.384,0.701,4.7135,7.91868,6.523484,3.3041635
9/10/2018,2018,9,10,1.681,1.388,0.706,4.7135,7.9233935,6.542338,3.327731
9/11/2018,2018,9,11,1.68,1.385,0.715,4.8011,8.065848,6.6495235,3.4327865
9/12/2018,2018,9,12,1.678,1.381,0.71,4.7859,8.0307402,6.6093279,3.397989
9/13/2018,2018,9,13,1.678,1.382,0.716,4.8214,8.0903092,6.6631748,3.4521224
9/14/2018,2018,9,14,1.68,1.385,0.719,4.8921,8.218728,6.7755585,3.5174199
9/15/2018,2018,9,15,1.677,1.382,0.716,4.8942,8.2075734,6.7637844,3.5042472
9/16/2018,2018,9,16,1.679,1.382,0.709,4.8942,8.2173618,6.7637844,3.4699878
9/17/2018,2018,9,17,1.681,1.385,0.719,4.8942,8.2271502,6.778467,3.5189298
9/18/2018,2018,9,18,1.679,1.382,0.719,4.8481,8.1399599,6.7000742,3.4857839
9/19/2018,2018,9,19,1.677,1.381,0.721,4.8582,8.1472014,6.7091742,3.5027622
9/20/2018,2018,9,20,1.677,1.379,0.719,4.839,8.115003,6.672981,3.479241
9/21/2018,2018,9,21,1.677,1.381,0.72,4.792,8.036184,6.617752,3.45024
9/22/2018,2018,9,22,1.674,1.377,0.727,4.7822,8.0054028,6.5850894,3.4766594
9/23/2018,2018,9,23,1.676,1.378,0.72,4.7822,8.0149672,6.5898716,3.443184
9/24/2018,2018,9,24,1.677,1.379,0.726,4.7822,8.0197494,6.5946538,3.4718772
9/25/2018,2018,9,25,1.672,1.372,0.724,4.8532,8.1145504,6.6585904,3.5137168
9/26/2018,2018,9,26,1.678,1.384,0.724,4.7985,8.051883,6.641124,3.474114
9/27/2018,2018,9,27,1.677,1.388,0.726,4.729,7.930533,6.563852,3.433254
9/28/2018,2018,9,28,1.679,1.394,0.729,4.6535,7.8132265,6.486979,3.3924015
9/29/2018,2018,9,29,1.681,1.394,0.729,4.6869,7.8786789,6.5335386,3.4167501
9/30/2018,2018,9,30,1.683,1.394,0.732,4.6869,7.8880527,6.5335386,3.4308108
10/1/2018,2018,10,1,1.685,1.398,0.728,4.6869,7.8974265,6.5522862,3.4120632
10/2/2018,2018,10,2,1.686,1.405,0.727,4.6002,7.7559372,6.463281,3.3443454
10/3/2018,2018,10,3,1.687,1.413,0.742,4.4737,7.5471319,6.3213381,3.3194854
10/4/2018,2018,10,4,1.688,1.421,0.739,4.5116,7.6155808,6.4109836,3.3340724
10/5/2018,2018,10,5,1.692,1.432,0.744,4.4216,7.4813472,6.3317312,3.2896704
10/6/2018,2018,10,6,1.687,1.431,0.753,4.3093,7.2697891,6.1666083,3.2449029
10/7/2018,2018,10,7,1.688,1.432,0.743,4.3093,7.2740984,6.1709176,3.2018099
10/8/2018,2018,10,8,1.691,1.436,0.74,4.3093,7.2870263,6.1881548,3.188882
10/9/2018,2018,10,9,1.687,1.435,0.745,4.3112,7.2729944,6.186572,3.211844
10/10/2018,2018,10,10,1.681,1.431,0.747,4.2893,7.2103133,6.1379883,3.2041071
10/11/2018,2018,10,11,1.676,1.433,0.747,4.327,7.252052,6.200591,3.232269
10/12/2018,2018,10,12,1.674,1.43,0.748,4.3784,7.3294416,6.261112,3.2750432
10/13/2018,2018,10,13,1.664,1.421,0.747,4.3498,7.2380672,6.1810658,3.2493006
10/14/2018,2018,10,14,1.666,1.422,0.752,4.3498,7.2467668,6.1854156,3.2710496
10/15/2018,2018,10,15,1.667,1.424,0.746,4.3498,7.2511166,6.1941152,3.2449508
10/16/2018,2018,10,16,1.658,1.421,0.749,4.3017,7.1322186,6.1127157,3.2219733
10/17/2018,2018,10,17,1.651,1.415,0.742,4.309,7.114159,6.097235,3.197278
10/18/2018,2018,10,18,1.647,1.411,0.749,4.2453,6.9920091,5.9901183,3.1797297
10/19/2018,2018,10,19,1.647,1.412,0.75,4.2362,6.9770214,5.9815144,3.17715
10/20/2018,2018,10,20,1.64,1.407,0.747,4.259,6.98476,5.992413,3.181473
10/21/2018,2018,10,21,1.64,1.408,0.743,4.259,6.98476,5.996672,3.164437
10/22/2018,2018,10,22,1.642,1.412,0.745,4.259,6.993278,6.013708,3.172955
10/23/2018,2018,10,23,1.642,1.411,0.747,4.2412,6.9640504,5.9843332,3.1681764
10/24/2018,2018,10,24,1.637,1.41,0.746,4.2198,6.9078126,5.949918,3.1479708
10/25/2018,2018,10,25,1.629,1.407,0.747,4.2357,6.8999553,5.9596299,3.1640679
10/26/2018,2018,10,26,1.622,1.405,0.749,4.2125,6.832675,5.9185625,3.1551625
10/27/2018,2018,10,27,1.617,1.405,0.738,4.1231,6.6670527,5.7929555,3.0428478
10/28/2018,2018,10,28,1.617,1.404,0.744,4.1231,6.6670527,5.7888324,3.0675864
10/29/2018,2018,10,29,1.619,1.408,0.741,4.1231,6.6752989,5.8053248,3.0552171
10/30/2018,2018,10,30,1.619,1.41,0.732,4.2282,6.8454558,5.961762,3.0950424
10/31/2018,2018,10,31,1.618,1.409,0.741,4.1943,6.7863774,5.9097687,3.1079763
11/1/2018,2018,11,1,1.623,1.411,0.731,4.2078,6.8292594,5.9372058,3.0759018
11/2/2018,2018,11,2,1.627,1.412,0.735,4.2205,6.8667535,5.959346,3.1020675
11/3/2018,2018,11,3,1.622,1.403,0.73,4.2253,6.8534366,5.9280959,3.084469
11/4/2018,2018,11,4,1.626,1.404,0.739,4.2253,6.8703378,5.9323212,3.1224967
11/5/2018,2018,11,5,1.625,1.406,0.73,4.2253,6.8661125,5.9407718,3.084469
11/6/2018,2018,11,6,1.617,1.398,0.726,4.2833,6.9260961,5.9880534,3.1096758
11/7/2018,2018,11,7,1.608,1.39,0.718,4.3061,6.9242088,5.985479,3.0917798
11/8/2018,2018,11,8,1.601,1.389,0.717,4.2622,6.8237822,5.9201958,3.0559974
11/9/2018,2018,11,9,1.6,1.391,0.72,4.254,6.8064,5.917314,3.06288
11/10/2018,2018,11,10,1.588,1.381,0.716,4.2217,6.7040596,5.8301677,3.0227372
11/11/2018,2018,11,11,1.589,1.381,0.71,4.2217,6.7082813,5.8301677,2.997407
11/12/2018,2018,11,12,1.592,1.385,0.712,4.2217,6.7209464,5.8470545,3.0058504
11/13/2018,2018,11,13,1.589,1.385,0.708,4.2479,6.7499131,5.8833415,3.0075132
11/14/2018,2018,11,14,1.585,1.382,0.701,4.2901,6.7998085,5.9289182,3.0073601
11/15/2018,2018,11,15,1.579,1.378,0.7,4.2772,6.7536988,5.8939816,2.99404
11/16/2018,2018,11,16,1.577,1.376,0.699,4.2666,6.7284282,5.8708416,2.9823534
11/17/2018,2018,11,17,1.572,1.371,0.696,4.2907,6.7449804,5.8825497,2.9863272
11/18/2018,2018,11,18,1.573,1.374,0.69,4.2907,6.7492711,5.8954218,2.960583
11/19/2018,2018,11,19,1.575,1.376,0.697,4.2907,6.7578525,5.9040032,2.9906179
11/20/2018,2018,11,20,1.571,1.376,0.69,4.2919,6.7425749,5.9056544,2.961411
11/21/2018,2018,11,21,1.564,1.369,0.685,4.3262,6.7661768,5.9225678,2.963447
11/22/2018,2018,11,22,1.558,1.363,0.679,4.3368,6.7567344,5.9110584,2.9446872
11/23/2018,2018,11,23,1.559,1.362,0.682,4.3205,6.7356595,5.884521,2.946581
11/24/2018,2018,11,24,1.554,1.356,0.677,4.3808,6.8077632,5.9403648,2.9658016
11/25/2018,2018,11,25,1.556,1.357,0.675,4.3808,6.8165248,5.9447456,2.95704
11/26/2018,2018,11,26,1.559,1.361,0.676,4.3808,6.8296672,5.9622688,2.9614208
11/27/2018,2018,11,27,1.554,1.356,0.668,4.4011,6.8393094,5.9678916,2.9399348
11/28/2018,2018,11,28,1.548,1.35,0.678,4.3579,6.7460292,5.883165,2.9546562
11/29/2018,2018,11,29,1.545,1.347,0.67,4.3867,6.7774515,5.9088849,2.939089
11/30/2018,2018,11,30,1.541,1.344,0.662,4.3843,6.7562063,5.8924992,2.9024066
12/1/2018,2018,12,1,1.535,1.334,0.66,4.3367,6.6568345,5.7851578,2.862222
12/2/2018,2018,12,2,1.537,1.335,0.657,4.3367,6.6655079,5.7894945,2.8492119
12/3/2018,2018,12,3,1.538,1.337,0.661,4.3367,6.6698446,5.7981679,2.8665587
12/4/2018,2018,12,4,1.536,1.331,0.655,4.3642,6.7034112,5.8087502,2.858551
12/5/2018,2018,12,5,1.53,1.328,0.652,4.3692,6.684876,5.8022976,2.8487184
12/6/2018,2018,12,6,1.529,1.323,0.655,4.437,6.784173,5.870151,2.906235
12/7/2018,2018,12,7,1.524,1.316,0.663,4.4358,6.7601592,5.8375128,2.9409354
12/8/2018,2018,12,8,1.517,1.308,0.653,4.4524,6.7542908,5.8237392,2.9074172
12/9/2018,2018,12,9,1.521,1.31,0.653,4.4524,6.7721004,5.832644,2.9074172
12/10/2018,2018,12,10,1.522,1.312,0.656,4.4524,6.7765528,5.8415488,2.9207744
12/11/2018,2018,12,11,1.521,1.309,0.654,4.4417,6.7558257,5.8141853,2.9048718
12/12/2018,2018,12,12,1.516,1.303,0.645,4.3881,6.6523596,5.7176943,2.8303245
12/13/2018,2018,12,13,1.514,1.302,0.647,4.4083,6.6741662,5.7396066,2.8521701
12/14/2018,2018,12,14,1.515,1.301,0.651,4.4129,6.6855435,5.7411829,2.8727979
12/15/2018,2018,12,15,1.512,1.295,0.649,4.4355,6.706476,5.7439725,2.8786395
12/16/2018,2018,12,16,1.515,1.297,0.653,4.4355,6.7197825,5.7528435,2.8963815
12/17/2018,2018,12,17,1.516,1.299,0.655,4.4355,6.724218,5.7617145,2.9052525
12/18/2018,2018,12,18,1.517,1.301,0.643,4.4366,6.7303222,5.7720166,2.8527338
12/19/2018,2018,12,19,1.512,1.296,0.645,4.4515,6.730668,5.769144,2.8712175
12/20/2018,2018,12,20,1.506,1.291,0.644,4.4076,6.6378456,5.6902116,2.8384944
12/21/2018,2018,12,21,1.503,1.286,0.649,4.4099,6.6280797,5.6711314,2.8620251
12/22/2018,2018,12,22,1.492,1.274,0.65,4.4537,6.6449204,5.6740138,2.894905
12/23/2018,2018,12,23,1.492,1.273,0.646,4.4537,6.6449204,5.6695601,2.8770902
12/24/2018,2018,12,24,1.494,1.276,0.645,4.4537,6.6538278,5.6829212,2.8726365
12/25/2018,2018,12,25,1.492,1.271,0.639,4.4786,6.6820712,5.6923006,2.8618254
12/26/2018,2018,12,26,1.491,1.269,0.649,4.4786,6.6775926,5.6833434,2.9066114
12/27/2018,2018,12,27,1.487,1.266,0.642,4.4786,6.6596782,5.6699076,2.8752612
12/28/2018,2018,12,28,1.493,1.27,0.643,4.4427,6.6329511,5.642229,2.8566561
12/29/2018,2018,12,29,1.492,1.267,0.646,4.444,6.630448,5.630548,2.870824
12/30/2018,2018,12,30,1.494,1.269,0.646,4.444,6.639336,5.639436,2.870824
12/31/2018,2018,12,31,1.495,1.271,0.632,4.444,6.64378,5.648324,2.808608
